Workbook

Sheet Summary
A1: BLACK AESTHETICS — PRODUCT LOG (3D website vs live Shopify)
A2: Generated 2026-07-12 from Shopify Admin MCP — blackaestheticspk.com (PKR)
A4: Live Shopify products (all) | B4: =COUNTA('Shopify Live Products'!B2:B100000) -> 506
A5: Shopify products with status ACTIVE | B5: =COUNTIF('Shopify Live Products'!D2:D100000,"ACTIVE") -> 503
A6: Shopify products in DRAFT | B6: =COUNTIF('Shopify Live Products'!D2:D100000,"DRAFT") -> 3
A7: Shopify collections | B7: 38
A8: Products in the 3D website | B8: =COUNTA('3D Website Products'!A2:A100000) -> 198
A9: 3D products matched to a live Shopify product | B9: =COUNTIF('3D Website Products'!G2:G100000,TRUE()) -> 173
A10: 3D products with NO live Shopify product | B10: =COUNTIF('3D Website Products'!G2:G100000,FALSE()) -> 25
A11: Live Shopify products shown in the 3D website | B11: =COUNTIF('Shopify Live Products'!S2:S100000,TRUE()) -> 166
A12: Live Shopify products NOT yet in the 3D website | B12: =COUNTIF('Shopify Live Products'!S2:S100000,FALSE()) -> 340
A14: Purpose: emulate live Shopify data inside the 3D website so Storefront checkout wiring is a drop-in step.
A15: Machine-readable version: docs/SHOPIFY_PRODUCT_ALIGNMENT.json (collection order, handles, variant IDs, matches).

Sheet Shopify Live Products
A1: Title | B1: Handle | C1: Product GID | D1: Status | E1: Vendor | F1: Type | G1: Tags | H1: Collections | I1: Price Min (PKR) | J1: Price Max (PKR) | K1: Inventory | L1: Variant Count | M1: Variants (title @ price (qty)) | N1: First Variant GID | O1: Available | P1: Featured Image | Q1: Created | R1: Published | S1: In 3D Website | T1: Local Product ID | U1: Local Category | V1: Local Asset | W1: Match Confidence
A2: Blue Lightening Dragon | B2: blue-lightening-dragon | C2: gid://shopify/Product/7405669711971 | D2: ACTIVE | E2: Black Aesthetics | G2: Digital Art, Poster | H2: Modern Art | Digital Art | I2: 3500 | J2: 5600 | K2: 0 | L2: 4 | M2: 6x9 inches @ 3500.00 (0) | 8x12 inches @ 4200.00 (0) | 12x18 inches @ 5000.00 (0) | 18x24 inhces @ 5600.00 (0) | N2: gid://shopify/ProductVariant/42125524926563 | O2: =TRUE() -> TRUE | P2: https://cdn.shopify.com/s/files/1/0572/0077/1171/files/Artboard9_06ac12e1-600a-45a3-973f-6d450d881301.png?v=1756315786 | Q2: 2024-05-01 | R2: 2024-05-01 | S2: =FALSE() -> FALSE
A3: Dogg | B3: dogg | C3: gid://shopify/Product/7405738131555 | D3: ACTIVE | E3: Black Aesthetics | G3: Digital Art, Poster | H3: Personalities | Digital Art | Best Sellers | I3: 3500 | J3: 5600 | K3: 0 | L3: 4 | M3: 6x9 inches @ 3500.00 (0) | 8x12 inches @ 4200.00 (0) | 12x18 inches @ 5000.00 (0) | 18x24 inches @ 5600.00 (0) | N3: gid://shopify/ProductVariant/43541219934307 | O3: =TRUE() -> TRUE | P3: https://cdn.shopify.com/s/files/1/0572/0077/1171/files/Artboard9_3dc097da-9f05-452a-9c37-f7795ed0060a.png?v=1756330441 | Q3: 2024-05-01 | R3: 2024-05-01 | S3: =FALSE() -> FALSE
A4: Eagle Attack | B4: eagle-attack | C4: gid://shopify/Product/7405752811619 | D4: ACTIVE | E4: Black Aesthetics | G4: Digital Art, Poster | H4: Animals | Digital Art | I4: 3500 | J4: 5600 | K4: 0 | L4: 4 | M4: 6x9 inches @ 3500.00 (0) | 8x12 inches @ 4200.00 (0) | 12x18 inches @ 5000.00 (0) | 18x24 inches @ 5600.00 (0) | N4: gid://shopify/ProductVariant/42125594656867 | O4: =TRUE() -> TRUE | P4: https://cdn.shopify.com/s/files/1/0572/0077/1171/files/Artboard_6_91addfea-d8c7-4689-b69d-4cba8fbde1f8.png?v=1756385750 | Q4: 2024-05-01 | R4: 2024-05-01 | S4: =FALSE() -> FALSE
A5: Goku | B5: goku | C5: gid://shopify/Product/7405755367523 | D5: ACTIVE | E5: Black Aesthetics | G5: Digital Art, Poster | H5: Anime/Manga | Digital Art | Dragon Ball | Anime/Manga- Digital Art | I5: 3500 | J5: 5600 | K5: 0 | L5: 4 | M5: 6x9 inches @ 3500.00 (0) | 8x12 inches @ 4200.00 (0) | 12x18 inches @ 5000.00 (0) | 18x24 inches @ 5600.00 (0) | N5: gid://shopify/ProductVariant/43541216165987 | O5: =TRUE() -> TRUE | P5: https://cdn.shopify.com/s/files/1/0572/0077/1171/files/Artboard6_af76b9be-4af0-4641-81a1-21fb384efbd4.png?v=1756407500 | Q5: 2024-05-01 | R5: 2024-05-01 | S5: =FALSE() -> FALSE
A6: Smoking Lady | B6: paki-smoker-ladies | C6: gid://shopify/Product/7405759365219 | D6: ACTIVE | E6: Black Aesthetics | G6: Digital Art, Poster | H6: Digital Art | Best Sellers | Cultural Arts- Digital | Smoking Lady | I6: 3500 | J6: 5600 | K6: 0 | L6: 4 | M6: 6x9 inches @ 3500.00 (0) | 8x12 inches @ 4200.00 (0) | 12x18 inches @ 5000.00 (0) | 18x24 inches @ 5600.00 (0) | N6: gid://shopify/ProductVariant/43541215805539 | O6: =TRUE() -> TRUE | P6: https://cdn.shopify.com/s/files/1/0572/0077/1171/files/Artboard6_97beb49a-d157-4a63-b0d6-db772649836e.png?v=1756495196 | Q6: 2024-05-01 | R6: 2024-05-01 | S6: =TRUE() -> TRUE | T6: digital-smoking-lady-12x18 | U6: digital-art | V6: /products/digital/final/smoking-lady-12x18.jpg | W6: fuzzy
A7: Smoking Lady Variant 2 | B7: paki-smoker-ladies-1 | C7: gid://shopify/Product/7405764018275 | D7: ACTIVE | E7: Black Aesthetics | G7: Digital Art, Poster | H7: Digital Art | Cultural Arts- Digital | Smoking Lady | I7: 3500 | J7: 5600 | K7: 0 | L7: 4 | M7: 6x9 inches @ 3500.00 (-1) | 8x12 inches @ 4200.00 (-1) | 12x18 inches @ 5000.00 (0) | 16x24 inches @ 5600.00 (-1) | N7: gid://shopify/ProductVariant/43541215051875 | O7: =TRUE() -> TRUE | P7: https://cdn.shopify.com/s/files/1/0572/0077/1171/files/Smoking_Lady_Variant_2.png?v=1756495423 | Q7: 2024-05-01 | R7: 2024-05-01 | S7: =FALSE() -> FALSE
A8: Whirling Dervish | B8: rumi-whirling-dervishes | C8: gid://shopify/Product/7405765165155 | D8: ACTIVE | E8: Black Aesthetics | G8: Digital Art, Poster | H8: Digital Art | Cultural Arts | Cultural Arts- Digital | I8: 3500 | J8: 5600 | K8: 0 | L8: 4 | M8: 6x9 inches @ 3500.00 (0) | 8x12 inches @ 4200.00 (0) | 12x18 inches @ 5000.00 (0) | 16x24 inches @ 5600.00 (-1) | N8: gid://shopify/ProductVariant/43541214265443 | O8: =TRUE() -> TRUE | P8: https://cdn.shopify.com/s/files/1/0572/0077/1171/files/Whirling_Dervish.png?v=1756496907 | Q8: 2024-05-01 | R8: 2024-05-01 | S8: =TRUE() -> TRUE | T8: digital-whirling-dervish | U8: digital-art | V8: /products/digital/final/whirling-dervish.jpg | W8: exact
A9: Whirling Dervish Variant 2 | B9: rumi-whirling-dervishes-1 | C9: gid://shopify/Product/7405766312035 | D9: ACTIVE | E9: Black Aesthetics | G9: Digital Art, Poster | H9: Digital Art | Best Sellers | Cultural Arts | Cultural Arts- Digital | I9: 3500 | J9: 5600 | K9: 0 | L9: 4 | M9: 6x9 inches @ 3500.00 (-1) | 8x12 inches @ 4200.00 (0) | 12x18 inches @ 5000.00 (0) | 16x24 inches @ 5600.00 (-1) | N9: gid://shopify/ProductVariant/43539824869475 | O9: =TRUE() -> TRUE | P9: https://cdn.shopify.com/s/files/1/0572/0077/1171/files/Whirling_Dervish_Variant_2.png?v=1756496986 | Q9: 2024-05-01 | R9: 2024-05-01 | S9: =FALSE() -> FALSE
A10: Adera | B10: adera | C10: gid://shopify/Product/7405777748067 | D10: ACTIVE | E10: Black Aesthetics | H10: 2D Wall-Art | Maths and Nature | Modern Art | I10: 2499 | J10: 2499 | K10: 0 | L10: 1 | M10: 8x24 inches @ 2499.00 (0) | N10: gid://shopify/ProductVariant/41921256980579 | O10: =TRUE() -> TRUE | P10: https://cdn.shopify.com/s/files/1/0572/0077/1171/files/Adera_2a1a0e1a-c26c-4531-a476-6c9ff971d428.png?v=1756236253 | Q10: 2024-05-01 | R10: 2024-05-01 | S10: =TRUE() -> TRUE | T10: wall-adera | U10: wall-art | V10: /products/wall-art/adera.svg | W10: exact
A11: Aries | B11: aries | C11: gid://shopify/Product/7405778927715 | D11: ACTIVE | E11: Black Aesthetics | H11: 2D Wall-Art | Animals | I11: 1999 | J11: 3999 | K11: 0 | L11: 3 | M11: 12x10 inches @ 1999.00 (0) | 18x15 inches @ 2999.00 (0) | 24x20 inches @ 3999.00 (0) | N11: gid://shopify/ProductVariant/41972405305443 | O11: =TRUE() -> TRUE | P11: https://cdn.shopify.com/s/files/1/0572/0077/1171/files/Aries_118e600b-8103-4f7e-b624-fcc682ae470a.png?v=1756237220 | Q11: 2024-05-01 | R11: 2024-05-01 | S11: =TRUE() -> TRUE | T11: wall-aries | U11: wall-art | V11: /products/wall-art/aries.svg | W11: exact
A12: Bull | B12: bull | C12: gid://shopify/Product/7405779452003 | D12: ACTIVE | E12: Black Aesthetics | H12: 2D Wall-Art | Animals | I12: 2499 | J12: 3499 | K12: 0 | L12: 2 | M12: 10x18 inches @ 2499.00 (0) | 14x24 inches @ 3499.00 (0) | N12: gid://shopify/ProductVariant/41965720862819 | O12: =TRUE() -> TRUE | P12: https://cdn.shopify.com/s/files/1/0572/0077/1171/files/Bull_9e89ce67-381b-42d3-b52a-c65b02738557.png?v=1756326830 | Q12: 2024-05-01 | R12: 2024-05-01 | S12: =TRUE() -> TRUE | T12: wall-bull | U12: wall-art | V12: /products/wall-art/bull.svg | W12: exact
A13: Cat | B13: cat | C13: gid://shopify/Product/7405779779683 | D13: ACTIVE | E13: Black Aesthetics | H13: 2D Wall-Art | Animals | I13: 1999 | J13: 3999 | K13: 0 | L13: 3 | M13: 11x12 inches @ 1999.00 (0) | 16x18 inches @ 2999.00 (0) | 22x24 inches @ 3999.00 (0) | N13: gid://shopify/ProductVariant/41867185684579 | O13: =TRUE() -> TRUE | P13: https://cdn.shopify.com/s/files/1/0572/0077/1171/files/Catcopy.png?v=1756327524 | Q13: 2024-05-01 | R13: 2024-05-01 | S13: =TRUE() -> TRUE | T13: wall-cat | U13: wall-art | V13: /products/wall-art/cat.svg | W13: exact
A14: Abstract Cat | B14: cat-1 | C14: gid://shopify/Product/7405780041827 | D14: ACTIVE | E14: Black Aesthetics | H14: 2D Wall-Art | Animals | Modern Art | I14: 1999 | J14: 2499 | K14: 0 | L14: 2 | M14: 6x18 inches @ 1999.00 (0) | 8x24 inches @ 2499.00 (0) | N14: gid://shopify/ProductVariant/41966097662051 | O14: =TRUE() -> TRUE | P14: https://cdn.shopify.com/s/files/1/0572/0077/1171/files/Abstract_Cat.png?v=1756235207 | Q14: 2024-05-01 | R14: 2024-05-01 | S14: =TRUE() -> TRUE | T14: wall-abstract-cat | U14: wall-art | V14: /products/wall-art/abstract-cat.svg | W14: exact
A15: Circle of Life | B15: circle-of-life | C15: gid://shopify/Product/7405780402275 | D15: ACTIVE | E15: Black Aesthetics | H15: 2D Wall-Art | Maths and Nature | Modern Art | Cultural Arts- 2D | I15: 1999 | J15: 3999 | K15: 0 | L15: 3 | M15: 12x12 inches @ 1999.00 (0) | 18x18 inches @ 2999.00 (0) | 24x24 inches @ 3999.00 (-1) | N15: gid://shopify/ProductVariant/41966121255011 | O15: =TRUE() -> TRUE | P15: https://cdn.shopify.com/s/files/1/0572/0077/1171/files/Circle-of-Lifecopy.png?v=1756328139 | Q15: 2024-05-01 | R15: 2024-05-01 | S15: =TRUE() -> TRUE | T15: wall-circle-of-life | U15: wall-art | V15: /products/wall-art/circle-of-life.svg | W15: exact
A16: Cowboy | B16: cowboy | C16: gid://shopify/Product/7405785940067 | D16: ACTIVE | E16: Black Aesthetics | H16: 2D Wall-Art | I16: 5000 | J16: 5600 | K16: 0 | L16: 2 | M16: 12x18 inches @ 5000.00 (0) | 16x24 inches @ 5600.00 (0) | N16: gid://shopify/ProductVariant/41966215397475 | O16: =TRUE() -> TRUE | P16: https://cdn.shopify.com/s/files/1/0572/0077/1171/files/Cowboy_4f2ef5e2-76de-4a45-a2b2-3d75ee441600.png?v=1756328364 | Q16: 2024-05-01 | R16: 2024-05-01 | S16: =TRUE() -> TRUE | T16: wall-cowboy | U16: wall-art | V16: /products/wall-art/cowboy.svg | W16: exact
A17: Hat Lady | B17: daupor | C17: gid://shopify/Product/7405788266595 | D17: ACTIVE | E17: Black Aesthetics | H17: 2D Wall-Art | Minimalistic and Classical Art | Modern Art | I17: 1999 | J17: 3999 | K17: 0 | L17: 3 | M17: 10x12 inches @ 1999.00 (0) | 15x18 inches @ 2999.00 (0) | 20x24 inches @ 3999.00 (0) | N17: gid://shopify/ProductVariant/41966227095651 | O17: =TRUE() -> TRUE | P17: https://cdn.shopify.com/s/files/1/0572/0077/1171/files/Dauporcopy.png?v=1756407815 | Q17: 2024-05-01 | R17: 2024-05-01 | S17: =TRUE() -> TRUE | T17: wall-daupor | U17: wall-art | V17: /products/wall-art/daupor.svg | W17: exact
A18: Deer | B18: deer | C18: gid://shopify/Product/7405789806691 | D18: ACTIVE | E18: Black Aesthetics | H18: 2D Wall-Art | Animals | I18: 5000 | J18: 5600 | K18: 0 | L18: 2 | M18: 12x18 inches @ 5000.00 (0) | 16x24 inches @ 5600.00 (0) | N18: gid://shopify/ProductVariant/41966288175203 | O18: =TRUE() -> TRUE | P18: https://cdn.shopify.com/s/files/1/0572/0077/1171/files/Deercopy.png?v=1756329895 | Q18: 2024-05-01 | R18: 2024-05-01 | S18: =TRUE() -> TRUE | T18: wall-deer | U18: wall-art | V18: /products/wall-art/deer.svg | W18: exact
A19: Flamingo | B19: flamingo | C19: gid://shopify/Product/7405790232675 | D19: ACTIVE | E19: Black Aesthetics | H19: 2D Wall-Art | Animals | I19: 2499 | J19: 3499 | K19: 0 | L19: 2 | M19: 11x18 inches @ 2499.00 (0) | 15x24 inches @ 3499.00 (0) | N19: gid://shopify/ProductVariant/41867211472995 | O19: =TRUE() -> TRUE | P19: https://cdn.shopify.com/s/files/1/0572/0077/1171/files/Front_7248ea9b-340c-466e-9750-2fc5e00fb674.png?v=1739983721 | Q19: 2024-05-01 | R19: 2024-05-01 | S19: =TRUE() -> TRUE | T19: wall-flamingo | U19: wall-art | V19: /products/wall-art/flamingo.svg | W19: exact
A20: Gandalf Staff | B20: gandalf-staff | C20: gid://shopify/Product/7405790462051 | D20: ACTIVE | E20: Black Aesthetics | H20: 2D Wall-Art | Movies | Comics/Superheroes/Movies- 2D | I20: 2999 | J20: 3999 | K20: 0 | L20: 2 | M20: 12x15 inches @ 2999.00 (0) | 20x24 inches @ 3999.00 (0) | N20: gid://shopify/ProductVariant/41867212554339 | O20: =TRUE() -> TRUE | P20: https://cdn.shopify.com/s/files/1/0572/0077/1171/files/Gandalf_Staff.png?v=1756406708 | Q20: 2024-05-01 | R20: 2024-05-01 | S20: =TRUE() -> TRUE | T20: wall-gandalf-staff | U20: wall-art | V20: /products/wall-art/gandalf-staff.svg | W20: exact
A21: Inner Tribal | B21: inner-tribal | C21: gid://shopify/Product/7405790986339 | D21: ACTIVE | E21: Black Aesthetics | H21: 2D Wall-Art | Cultural Arts | Cultural Arts- 2D | I21: 2499 | J21: 5600 | K21: 0 | L21: 2 | M21: 12x16 inches @ 2499.00 (0) | 18x24 inches @ 5600.00 (0) | N21: gid://shopify/ProductVariant/41867214717027 | O21: =TRUE() -> TRUE | P21: https://cdn.shopify.com/s/files/1/0572/0077/1171/files/Inner_Tribal.png?v=1756408844 | Q21: 2024-05-01 | R21: 2024-05-01 | S21: =TRUE() -> TRUE | T21: wall-inner-tribal | U21: wall-art | V21: /products/wall-art/inner-tribal.svg | W21: exact
... A38: Deer Variant 2 | B38: deer-1 | C38: gid://shopify/Product/7407071428707 | D38: ACTIVE | E38: Black Aesthetics | H38: 2D Wall-Art | Animals | I38: 2499 | J38: 3499 | K38: 0 | L38: 2 | M38: 11x18 inches @ 2499.00 (0) | 15x24 inches @ 3499.00 (0) | N38: gid://shopify/ProductVariant/41966304493667 | O38: =TRUE() -> TRUE | P38: https://cdn.shopify.com/s/files/1/0572/0077/1171/files/DeerVariant2.png?v=1756497932 | Q38: 2024-05-02 | R38: 2024-05-02 | S38: =TRUE() -> TRUE | T38: wall-deer-1 | U38: wall-art | V38: /products/wall-art/deer-1.svg | W38: exact
A39: Deer Variant 3 | B39: deer-2 | C39: gid://shopify/Product/7407075524707 | D39: ACTIVE | E39: Black Aesthetics | H39: 2D Wall-Art | Animals | I39: 1999 | J39: 3999 | K39: 0 | L39: 3 | M39: 11x12 inches @ 1999.00 (0) | 17x18 inches @ 2999.00 (0) | 22x24 inches @ 3999.00 (0) | N39: gid://shopify/ProductVariant/41872908288099 | O39: =TRUE() -> TRUE | P39: https://cdn.shopify.com/s/files/1/0572/0077/1171/files/deer-1copy.png?v=1756330113 | Q39: 2024-05-02 | R39: 2024-05-02 | S39: =FALSE() -> FALSE
A40: Deer in forest | B40: deer-in-forest | C40: gid://shopify/Product/7407076540515 | D40: ACTIVE | E40: Black Aesthetics | H40: 2D Wall-Art | Animals | Maths and Nature | I40: 2499 | J40: 2999 | K40: 0 | L40: 2 | M40: 9x18 inches @ 2499.00 (0) | 12x24 inches @ 2999.00 (0) | N40: gid://shopify/ProductVariant/41971255836771 | O40: =TRUE() -> TRUE | P40: https://cdn.shopify.com/s/files/1/0572/0077/1171/files/deer-in-forestcopy.png?v=1756330013 | Q40: 2024-05-02 | R40: 2024-05-02 | S40: =TRUE() -> TRUE | T40: wall-deer-in-forest | U40: wall-art | V40: /products/wall-art/deer-in-forest.svg | W40: exact
A41: Natural Elements | B41: dekoratifctablo | C41: gid://shopify/Product/7407077982307 | D41: ACTIVE | E41: Black Aesthetics | H41: 2D Wall-Art | Modern Art | I41: 1999 | J41: 3999 | K41: 0 | L41: 3 | M41: 12x12 inches @ 1999.00 (-1) | 18x18 inches @ 2999.00 (0) | 24x24 inches @ 3999.00 (0) | N41: gid://shopify/ProductVariant/41872930668643 | O41: =TRUE() -> TRUE | P41: https://cdn.shopify.com/s/files/1/0572/0077/1171/files/NaturalElements.png?v=1756498129 | Q41: 2024-05-02 | R41: 2024-05-02 | S41: =TRUE() -> TRUE | T41: wall-dekoratif-tablo | U41: wall-art | V41: /products/wall-art/dekoratif-tablo.svg | W41: alias
A42: Diana | B42: dekoru-baupor | C42: gid://shopify/Product/7407079129187 | D42: ACTIVE | E42: Black Aesthetics | H42: 2D Wall-Art | Anime/Manga | Comics and Superheroes | Movies | Comics/Superheroes/Movies- 2D | I42: 5000 | J42: 5600 | K42: 0 | L42: 2 | M42: 12x18 inches @ 5000.00 (0) | 16x24 inches @ 5600.00 (0) | N42: gid://shopify/ProductVariant/41872942334051 | O42: =TRUE() -> TRUE | P42: https://cdn.shopify.com/s/files/1/0572/0077/1171/files/Dekoru-Bauporcopy.png?v=1756330368 | Q42: 2024-05-02 | R42: 2024-05-02 | S42: =FALSE() -> FALSE
A43: Eagle | B43: eagle | C43: gid://shopify/Product/7407081291875 | D43: ACTIVE | E43: Black Aesthetics | H43: 2D Wall-Art | Animals | I43: 2499 | J43: 2999 | K43: 0 | L43: 2 | M43: 10x18 inches @ 2499.00 (0) | 14x24 inches @ 2999.00 (0) | N43: gid://shopify/ProductVariant/41872950722659 | O43: =TRUE() -> TRUE | P43: https://cdn.shopify.com/s/files/1/0572/0077/1171/files/Eagle_c4d78179-54da-4486-9981-56a5be7a16be.png?v=1756385557 | Q43: 2024-05-02 | R43: 2024-05-02 | S43: =TRUE() -> TRUE | T43: wall-eagle | U43: wall-art | V43: /products/wall-art/eagle.svg | W43: exact
A44: Eagle Variant 2 | B44: eagle-1 | C44: gid://shopify/Product/7407084896355 | D44: ACTIVE | E44: Black Aesthetics | H44: 2D Wall-Art | Animals | I44: 2499 | J44: 5600 | K44: 0 | L44: 2 | M44: 12x16 inches @ 2499.00 (0) | 18x24 inches @ 5600.00 (0) | N44: gid://shopify/ProductVariant/41872964157539 | O44: =TRUE() -> TRUE | P44: https://cdn.shopify.com/s/files/1/0572/0077/1171/files/Eagle_Variant_2.png?v=1756385884 | Q44: 2024-05-02 | R44: 2024-05-02 | S44: =TRUE() -> TRUE | T44: wall-eagle-1 | U44: wall-art | V44: /products/wall-art/eagle-1.svg | W44: exact
A45: Elephant | B45: elephant | C45: gid://shopify/Product/7407086469219 | D45: ACTIVE | E45: Black Aesthetics | H45: 2D Wall-Art | Animals | I45: 3999 | J45: 3999 | K45: 0 | L45: 1 | M45: 20x24 inches @ 3999.00 (0) | N45: gid://shopify/ProductVariant/41972689666147 | O45: =TRUE() -> TRUE | P45: https://cdn.shopify.com/s/files/1/0572/0077/1171/files/Elephantcopy.png?v=1756388531 | Q45: 2024-05-02 | R45: 2024-05-02 | S45: =TRUE() -> TRUE | T45: wall-elephant | U45: wall-art | V45: /products/wall-art/elephant.svg | W45: exact
A46: Ethnic Ornaments | B46: ethnic-ornaments | C46: gid://shopify/Product/7407107670115 | D46: ACTIVE | E46: Black Aesthetics | H46: 2D Wall-Art | Minimalistic and Classical Art | Modern Art | Best Sellers | Cultural Arts | Cultural Arts- 2D | I46: 6999 | J46: 8999 | K46: 0 | L46: 2 | M46: 3 Panels: 6x18 inches each panel @ 6999.00 (0) | 3 Panels: 9x27 inches each panel @ 8999.00 (0) | N46: gid://shopify/ProductVariant/41873179246691 | O46: =TRUE() -> TRUE | P46: https://cdn.shopify.com/s/files/1/0572/0077/1171/files/EthnicOrnaments.png?v=1756497971 | Q46: 2024-05-02 | R46: 2024-05-02 | S46: =TRUE() -> TRUE | T46: wall-ethnic-ornaments | U46: wall-art | V46: /products/wall-art/ethnic-ornaments.svg | W46: exact
A47: Forest Wolf | B47: forest-wolf | C47: gid://shopify/Product/7407108358243 | D47: ACTIVE | E47: Black Aesthetics | H47: 2D Wall-Art | Animals | I47: 1999 | J47: 3999 | K47: 0 | L47: 3 | M47: 12x12 inches @ 1999.00 (0) | 18x18 inches @ 2999.00 (0) | 24x24 inches @ 3999.00 (0) | N47: gid://shopify/ProductVariant/41873185177699 | O47: =TRUE() -> TRUE | P47: https://cdn.shopify.com/s/files/1/0572/0077/1171/files/Forest_Wolf.png?v=1756406290 | Q47: 2024-05-02 | R47: 2024-05-02 | S47: =TRUE() -> TRUE | T47: wall-forrest-wolf | U47: wall-art | V47: /products/wall-art/forrest-wolf.svg | W47: alias
A48: Fox | B48: fox | C48: gid://shopify/Product/7407109898339 | D48: ACTIVE | E48: Black Aesthetics | H48: 2D Wall-Art | Animals | I48: 1999 | J48: 3999 | K48: 0 | L48: 3 | M48: 12x12 inches @ 1999.00 (0) | 18x18 inches @ 2999.00 (0) | 24x24 inches @ 3999.00 (0) | N48: gid://shopify/ProductVariant/41873210933347 | O48: =TRUE() -> TRUE | P48: https://cdn.shopify.com/s/files/1/0572/0077/1171/files/Fox_4e67e92b-33cc-4d81-9caf-7aa178af6900.png?v=1756406439 | Q48: 2024-05-02 | R48: 2024-05-02 | S48: =TRUE() -> TRUE | T48: wall-fox | U48: wall-art | V48: /products/wall-art/fox.svg | W48: exact
A49: Geometric Horse | B49: geometric-horse | C49: gid://shopify/Product/7407111176291 | D49: ACTIVE | E49: Black Aesthetics | H49: 2D Wall-Art | Animals | I49: 5000 | J49: 5600 | K49: 0 | L49: 2 | M49: 12x18 inches @ 5000.00 (0) | 16x24 inches @ 5600.00 (0) | N49: gid://shopify/ProductVariant/41873220141155 | O49: =TRUE() -> TRUE | P49: https://cdn.shopify.com/s/files/1/0572/0077/1171/files/Geometric_Horse.png?v=1756406864 | Q49: 2024-05-02 | R49: 2024-05-02 | S49: =TRUE() -> TRUE | T49: wall-geometric-horse | U49: wall-art | V49: /products/wall-art/geometric-horse.svg | W49: exact
A50: Globe | B50: globe | C50: gid://shopify/Product/7407112454243 | D50: ACTIVE | E50: Black Aesthetics | H50: 2D Wall-Art | I50: 2999 | J50: 3999 | K50: 0 | L50: 2 | M50: 18x18 inches @ 2999.00 (0) | 24x24 inches @ 3999.00 (0) | N50: gid://shopify/ProductVariant/41972861796451 | O50: =TRUE() -> TRUE | P50: https://cdn.shopify.com/s/files/1/0572/0077/1171/files/Globecopy.png?v=1756407370 | Q50: 2024-05-02 | R50: 2024-05-02 | S50: =TRUE() -> TRUE | T50: wall-globe | U50: wall-art | V50: /products/wall-art/globe.svg | W50: exact
A51: Indigenous | B51: indigenous-v-3 | C51: gid://shopify/Product/7407113470051 | D51: ACTIVE | E51: Black Aesthetics | H51: 2D Wall-Art | Cultural Arts- 2D | I51: 5600 | J51: 5600 | K51: 0 | L51: 1 | M51: 18x24 inches @ 5600.00 (0) | N51: gid://shopify/ProductVariant/41972902821987 | O51: =TRUE() -> TRUE | P51: https://cdn.shopify.com/s/files/1/0572/0077/1171/files/Indigenous.png?v=1756408487 | Q51: 2024-05-02 | R51: 2024-05-02 | S51: =TRUE() -> TRUE | T51: wall-indigenous-v-3 | U51: wall-art | V51: /products/wall-art/indigenous-v-3.svg | W51: exact
A52: Joker | B52: jocker | C52: gid://shopify/Product/7407114453091 | D52: ACTIVE | E52: Black Aesthetics | H52: 2D Wall-Art | Comics and Superheroes | Movies | Comics/Superheroes/Movies- 2D | I52: 5000 | J52: 5600 | K52: 0 | L52: 2 | M52: 12x18 inches @ 5000.00 (0) | 16x24 inches @ 5600.00 (-1) | N52: gid://shopify/ProductVariant/41873250189411 | O52: =TRUE() -> TRUE | P52: https://cdn.shopify.com/s/files/1/0572/0077/1171/files/Joker.png?v=1756409436 | Q52: 2024-05-02 | R52: 2024-05-02 | S52: =TRUE() -> TRUE | T52: wall-jocker | U52: wall-art | V52: /products/wall-art/jocker.svg | W52: exact
A53: Lightning Bolt | B53: lightning-bolt | C53: gid://shopify/Product/7407115763811 | D53: ACTIVE | E53: Black Aesthetics | H53: 2D Wall-Art | I53: 1999 | J53: 3999 | K53: 0 | L53: 3 | M53: 12x12 inches @ 1999.00 (0) | 18x18 inches @ 2999.00 (0) | 24x24 inches @ 3999.00 (0) | N53: gid://shopify/ProductVariant/41873261133923 | O53: =TRUE() -> TRUE | P53: https://cdn.shopify.com/s/files/1/0572/0077/1171/files/Lightning_Bolt.png?v=1756410838 | Q53: 2024-05-02 | R53: 2024-05-02 | S53: =TRUE() -> TRUE | T53: wall-lightning-bolt | U53: wall-art | V53: /products/wall-art/lightning-bolt.svg | W53: exact
A54: Michelangelo's David | B54: michelangelos-david | C54: gid://shopify/Product/7407116353635 | D54: ACTIVE | E54: Black Aesthetics | H54: 2D Wall-Art | Minimalistic and Classical Art | I54: 5600 | J54: 5600 | K54: 0 | L54: 1 | M54: 16x24 inches @ 5600.00 (0) | N54: gid://shopify/ProductVariant/41973099331683 | O54: =TRUE() -> TRUE | P54: https://cdn.shopify.com/s/files/1/0572/0077/1171/files/Michelangelo_s_David.png?v=1756412099 | Q54: 2024-05-02 | R54: 2024-05-02 | S54: =TRUE() -> TRUE | T54: wall-michelangelo-s-david | U54: wall-art | V54: /products/wall-art/michelangelo-s-david.svg | W54: exact
... A64: Fox Variant 2 | B64: fox-1 | C64: gid://shopify/Product/7407284125795 | D64: ACTIVE | E64: Black Aesthetics | H64: 2D Wall-Art | Animals | I64: 5000 | J64: 5600 | K64: 0 | L64: 2 | M64: 12x18 inches @ 5000.00 (0) | 16x24 inches @ 5600.00 (0) | N64: gid://shopify/ProductVariant/41874255609955 | O64: =TRUE() -> TRUE | P64: https://cdn.shopify.com/s/files/1/0572/0077/1171/files/Fox_Variant_2.png?v=1756406541 | Q64: 2024-05-02 | R64: 2024-05-02 | S64: =TRUE() -> TRUE | T64: wall-fox-1 | U64: wall-art | V64: /products/wall-art/fox-1.svg | W64: exact
A65: Hedera | B65: hedera | C65: gid://shopify/Product/7407284715619 | D65: ACTIVE | E65: Black Aesthetics | H65: 2D Wall-Art | Maths and Nature | I65: 4999 | J65: 5499 | K65: 0 | L65: 2 | M65: 3 Panels: 6x12 inches each panel @ 4999.00 (0) | 3 Panels: 12x24 inches each panel @ 5499.00 (0) | N65: gid://shopify/ProductVariant/41874256887907 | O65: =TRUE() -> TRUE | P65: https://cdn.shopify.com/s/files/1/0572/0077/1171/files/Hedera_e6c03393-7584-4291-9c8a-e64c942bad6b.png?v=1756498009 | Q65: 2024-05-02 | R65: 2024-05-02 | S65: =FALSE() -> FALSE
A66: Horse | B66: horse | C66: gid://shopify/Product/7407286124643 | D66: ACTIVE | E66: Black Aesthetics | H66: 2D Wall-Art | Animals | I66: 5000 | J66: 5600 | K66: 0 | L66: 2 | M66: 12x18 inches @ 5000.00 (0) | 16x24 inches @ 5600.00 (0) | N66: gid://shopify/ProductVariant/41874259968099 | O66: =TRUE() -> TRUE | P66: https://cdn.shopify.com/s/files/1/0572/0077/1171/files/Horse_b9498c62-83aa-40f4-8126-6497b5bbfd8c.png?v=1756408343 | Q66: 2024-05-02 | R66: 2024-05-02 | S66: =TRUE() -> TRUE | T66: wall-horse | U66: wall-art | V66: /products/wall-art/horse.svg | W66: exact
A67: Horse Variant 2 | B67: horse-2 | C67: gid://shopify/Product/7407286878307 | D67: ACTIVE | E67: Black Aesthetics | H67: 2D Wall-Art | Animals | I67: 2499 | J67: 5600 | K67: 0 | L67: 2 | M67: 12x16 inches @ 2499.00 (0) | 18x24 inches @ 5600.00 (0) | N67: gid://shopify/ProductVariant/41874261442659 | O67: =TRUE() -> TRUE | P67: https://cdn.shopify.com/s/files/1/0572/0077/1171/files/Horse_Variant_2.png?v=1756408414 | Q67: 2024-05-02 | R67: 2024-05-02 | S67: =TRUE() -> TRUE | T67: wall-horse-2 | U67: wall-art | V67: /products/wall-art/horse-2.svg | W67: exact
A68: Markhor with Snake | B68: markhor-with-snake | C68: gid://shopify/Product/7407287533667 | D68: ACTIVE | E68: Black Aesthetics | H68: 2D Wall-Art | Animals | I68: 5000 | J68: 5600 | K68: 0 | L68: 2 | M68: 12x18 inches @ 5000.00 (0) | 16x24 inches @ 5600.00 (0) | N68: gid://shopify/ProductVariant/41874263244899 | O68: =TRUE() -> TRUE | P68: https://cdn.shopify.com/s/files/1/0572/0077/1171/files/Markhor_with_Snake.png?v=1756411921 | Q68: 2024-05-02 | R68: 2024-05-02 | S68: =TRUE() -> TRUE | T68: wall-markhor-with-snake | U68: wall-art | V68: /products/wall-art/markhor-with-snake.svg | W68: exact
A69: Silva | B69: silva | C69: gid://shopify/Product/7407287828579 | D69: ACTIVE | E69: Black Aesthetics | H69: 2D Wall-Art | Maths and Nature | Minimalistic and Classical Art | Modern Art | I69: 8999 | J69: 11999 | K69: 0 | L69: 2 | M69: 4 Panels: 9x18 inches each panel @ 8999.00 (-1) | 4 Panels: 12x24 inches each panel @ 11999.00 (0) | N69: gid://shopify/ProductVariant/41874263834723 | O69: =TRUE() -> TRUE | P69: https://cdn.shopify.com/s/files/1/0572/0077/1171/files/Silvacopy_81e95162-6eb7-4e04-97f8-994bd1be180e.png?v=1756495133 | Q69: 2024-05-02 | R69: 2024-05-02 | S69: =TRUE() -> TRUE | T69: wall-silva-4 | U69: wall-art | V69: /products/wall-art/silva-4.svg | W69: fuzzy
A70: Trio Bike | B70: trio-bike | C70: gid://shopify/Product/7407309488227 | D70: ACTIVE | E70: Black Aesthetics | H70: 2D Wall-Art | Modern Art | I70: 5000 | J70: 5600 | K70: 0 | L70: 2 | M70: 1 Panel: 12x18 inches 2 Panels: 9x12 inches @ 5000.00 (0) | 1 Panel 16x24 inches 2 Panels: 12x16 inches @ 5600.00 (0) | N70: gid://shopify/ProductVariant/41874361024611 | O70: =TRUE() -> TRUE | P70: https://cdn.shopify.com/s/files/1/0572/0077/1171/files/Trio_Bike.png?v=1756496577 | Q70: 2024-05-02 | R70: 2024-05-02 | S70: =TRUE() -> TRUE | T70: wall-trio-bike | U70: wall-art | V70: /products/wall-art/trio-bike.svg | W70: exact
A71: Tribal Moon | B71: tribal-moon | C71: gid://shopify/Product/7407309652067 | D71: ACTIVE | E71: Black Aesthetics | H71: 2D Wall-Art | Maths and Nature | Modern Art | I71: 4200 | J71: 5600 | K71: 0 | L71: 3 | M71: 8x12 inches each panel @ 4200.00 (0) | 12x18 inches each panel @ 5000.00 (0) | 16x24 inches each panel @ 5600.00 (0) | N71: gid://shopify/ProductVariant/41874361647203 | O71: =TRUE() -> TRUE | P71: https://cdn.shopify.com/s/files/1/0572/0077/1171/files/Tribal-Mooncopy.png?v=1756496507 | Q71: 2024-05-02 | R71: 2024-05-02 | S71: =TRUE() -> TRUE | T71: wall-tribal-moon | U71: wall-art | V71: /products/wall-art/tribal-moon.svg | W71: exact
A72: Tree Of Life | B72: tree-of-life | C72: gid://shopify/Product/7407309914211 | D72: ACTIVE | E72: Black Aesthetics | H72: 2D Wall-Art | Maths and Nature | I72: 1999 | J72: 3999 | K72: 0 | L72: 3 | M72: 12x12 inches @ 1999.00 (0) | 18x18 inches @ 2999.00 (0) | 24x24 inches @ 3999.00 (0) | N72: gid://shopify/ProductVariant/41874365579363 | O72: =TRUE() -> TRUE | P72: https://cdn.shopify.com/s/files/1/0572/0077/1171/files/Tree_Of_Life.png?v=1756496433 | Q72: 2024-05-02 | R72: 2024-05-02 | S72: =TRUE() -> TRUE | T72: wall-tree-of-life | U72: wall-art | V72: /products/wall-art/tree-of-life.svg | W72: exact
A73: Spider | B73: spider | C73: gid://shopify/Product/7407310012515 | D73: ACTIVE | E73: Black Aesthetics | H73: 2D Wall-Art | Animals | I73: 5000 | J73: 5600 | K73: 0 | L73: 2 | M73: 12x18 inches @ 5000.00 (0) | 16x24 inches @ 5600.00 (0) | N73: gid://shopify/ProductVariant/41874365907043 | O73: =TRUE() -> TRUE | P73: https://cdn.shopify.com/s/files/1/0572/0077/1171/files/Spider_097bea6d-5be2-49e2-86cf-2d87a4373200.png?v=1756495474 | Q73: 2024-05-02 | R73: 2024-05-02 | S73: =TRUE() -> TRUE | T73: wall-spider | U73: wall-art | V73: /products/wall-art/spider.svg | W73: exact
A74: Pulp Fiction | B74: pulp-fiction-v-1 | C74: gid://shopify/Product/7407310504035 | D74: ACTIVE | E74: Black Aesthetics | H74: 2D Wall-Art | Movies | Comics/Superheroes/Movies- 2D | I74: 5999 | J74: 11999 | K74: 0 | L74: 3 | M74: 12x12 inches each panel @ 5999.00 (0) | 18x18 inches each panel @ 8999.00 (0) | 24x24 inches each panel @ 11999.00 (0) | N74: gid://shopify/ProductVariant/41874368036963 | O74: =TRUE() -> TRUE | P74: https://cdn.shopify.com/s/files/1/0572/0077/1171/files/Pulp_Fiction.png?v=1756493740 | Q74: 2024-05-02 | R74: 2024-05-02 | S74: =TRUE() -> TRUE | T74: wall-pulp-fiction-v-1 | U74: wall-art | V74: /products/wall-art/pulp-fiction-v-1.svg | W74: exact
A75: Owl | B75: owl | C75: gid://shopify/Product/7407310635107 | D75: ACTIVE | E75: Black Aesthetics | H75: 2D Wall-Art | Animals | I75: 1999 | J75: 3999 | K75: 0 | L75: 3 | M75: 12x12 inches @ 1999.00 (0) | 18x18 inches @ 2999.00 (0) | 24x24 inches @ 3999.00 (0) | N75: gid://shopify/ProductVariant/41874371543139 | O75: =TRUE() -> TRUE | P75: https://cdn.shopify.com/s/files/1/0572/0077/1171/files/Owl_2e39a7bb-fbc2-47b8-81c2-cfadb074f6a4.png?v=1756493369 | Q75: 2024-05-02 | R75: 2024-05-02 | S75: =TRUE() -> TRUE | T75: wall-owl | U75: wall-art | V75: /products/wall-art/owl.svg | W75: exact
A76: Mode | B76: mode | C76: gid://shopify/Product/7407311159395 | D76: ACTIVE | E76: Black Aesthetics | H76: 2D Wall-Art | Maths and Nature | I76: 1999 | J76: 3999 | K76: 0 | L76: 3 | M76: 12x12 inches @ 1999.00 (0) | 18x18 inches @ 2999.00 (-1) | 24x24 inches @ 3999.00 (0) | N76: gid://shopify/ProductVariant/41874373116003 | O76: =TRUE() -> TRUE | P76: https://cdn.shopify.com/s/files/1/0572/0077/1171/files/Mode.png?v=1756412184 | Q76: 2024-05-02 | R76: 2024-05-02 | S76: =TRUE() -> TRUE | T76: wall-mode | U76: wall-art | V76: /products/wall-art/mode.svg | W76: exact
A77: Mangrove Tree | B77: mangrove-tree | C77: gid://shopify/Product/7407311421539 | D77: ACTIVE | E77: Black Aesthetics | H77: 2D Wall-Art | Maths and Nature | I77: 2999 | J77: 3999 | K77: 0 | L77: 2 | M77: 18x18 inches @ 2999.00 (0) | 24x24 inches @ 3999.00 (0) | N77: gid://shopify/ProductVariant/41973082783843 | O77: =TRUE() -> TRUE | P77: https://cdn.shopify.com/s/files/1/0572/0077/1171/files/Mangrove-Treecopy.png?v=1756411755 | Q77: 2024-05-02 | R77: 2024-05-02 | S77: =TRUE() -> TRUE | T77: wall-mangrove-tree | U77: wall-art | V77: /products/wall-art/mangrove-tree.svg | W77: exact
... A90: Deer head | B90: dear-head | C90: gid://shopify/Product/7407314370659 | D90: ACTIVE | E90: Black Aesthetics | H90: 2D Wall-Art | Animals | I90: 1999 | J90: 3999 | K90: 0 | L90: 3 | M90: 12x12 inches @ 1999.00 (0) | 18x18 inches @ 2999.00 (0) | 24x24 inches @ 3999.00 (0) | N90: gid://shopify/ProductVariant/41966249541731 | O90: =TRUE() -> TRUE | P90: https://cdn.shopify.com/s/files/1/0572/0077/1171/files/Dear-headcopy.png?v=1756329947 | Q90: 2024-05-02 | R90: 2024-05-02 | S90: =TRUE() -> TRUE | T90: wall-deer-head | U90: wall-art | V90: /products/wall-art/deer-head.svg | W90: exact
A91: Cat Variant 3 | B91: cat-3 | C91: gid://shopify/Product/7407314698339 | D91: ACTIVE | E91: Black Aesthetics | H91: 2D Wall-Art | Animals | I91: 1999 | J91: 3999 | K91: 0 | L91: 3 | M91: 12x12 inches @ 1999.00 (0) | 18x18 inches @ 2999.00 (0) | 24x24 inches @ 3999.00 (0) | N91: gid://shopify/ProductVariant/41966080262243 | O91: =TRUE() -> TRUE | P91: https://cdn.shopify.com/s/files/1/0572/0077/1171/files/Cat_Variant_3.png?v=1756327968 | Q91: 2024-05-02 | R91: 2024-05-02 | S91: =FALSE() -> FALSE
A92: Floral Butterfly | B92: butterfly-2 | C92: gid://shopify/Product/7407314829411 | D92: ACTIVE | E92: Black Aesthetics | H92: 2D Wall-Art | Animals | I92: 1999 | J92: 3999 | K92: 0 | L92: 3 | M92: 11x12 inches @ 1999.00 (0) | 16x18 inches @ 2999.00 (0) | 22x24 inches @ 3999.00 (0) | N92: gid://shopify/ProductVariant/41966028062819 | O92: =TRUE() -> TRUE | P92: https://cdn.shopify.com/s/files/1/0572/0077/1171/files/Butterflycopy_c29d2632-6ed7-4466-a11b-a4cd1ae7b953.png?v=1756405961 | Q92: 2024-05-02 | R92: 2024-05-02 | S92: =TRUE() -> TRUE | T92: wall-butterfly-2 | U92: wall-art | V92: /products/wall-art/butterfly-2.svg | W92: exact
A93: Arbor | B93: arbor | C93: gid://shopify/Product/7407314862179 | D93: ACTIVE | E93: Black Aesthetics | H93: 2D Wall-Art | Maths and Nature | I93: 4499 | J93: 5999 | K93: 0 | L93: 2 | M93: 3 Panels: 6x12 inches each panel @ 4499.00 (0) | 3 Panels: 12x24 inches each panel @ 5999.00 (0) | N93: gid://shopify/ProductVariant/41963462525027 | O93: =TRUE() -> TRUE | P93: https://cdn.shopify.com/s/files/1/0572/0077/1171/files/Arbor_3d5f0e72-b300-435e-9a49-3bec2d76d3dc.png?v=1756236952 | Q93: 2024-05-02 | R93: 2024-05-02 | S93: =TRUE() -> TRUE | T93: wall-arbor | U93: wall-art | V93: /products/wall-art/arbor.svg | W93: exact
A94: Amor | B94: amor | C94: gid://shopify/Product/7407315026019 | D94: ACTIVE | E94: Black Aesthetics | H94: 2D Wall-Art | Minimalistic and Classical Art | Modern Art | I94: 1999 | J94: 2999 | K94: 0 | L94: 3 | M94: 6x12 inches @ 1999.00 (0) | 9x18 inches @ 2499.00 (-1) | 12x24 inches @ 2999.00 (0) | N94: gid://shopify/ProductVariant/43190319808611 | O94: =TRUE() -> TRUE | P94: https://cdn.shopify.com/s/files/1/0572/0077/1171/files/Amor_6c54e159-fab6-4c14-966d-f66b9c6f0727.png?v=1756236501 | Q94: 2024-05-02 | R94: 2024-05-02 | S94: =TRUE() -> TRUE | T94: wall-amor | U94: wall-art | V94: /products/wall-art/amor.svg | W94: exact
A95: Astronaut | B95: astronaut | C95: gid://shopify/Product/7407315091555 | D95: ACTIVE | E95: Black Aesthetics | H95: 2D Wall-Art | Modern Art | I95: 3499 | J95: 5000 | K95: 0 | L95: 2 | M95: 12x18 inches @ 5000.00 (0) | 15x24 inches @ 3499.00 (0) | N95: gid://shopify/ProductVariant/41963492769891 | O95: =TRUE() -> TRUE | P95: https://cdn.shopify.com/s/files/1/0572/0077/1171/files/Astronaut_d0092b61-a15d-400d-8277-938c7f2a5085.png?v=1756237408 | Q95: 2024-05-02 | R95: 2024-05-02 | S95: =TRUE() -> TRUE | T95: wall-astronaut | U95: wall-art | V95: /products/wall-art/astronaut.svg | W95: exact
A96: Athena | B96: athena | C96: gid://shopify/Product/7407315714147 | D96: ACTIVE | E96: Black Aesthetics | H96: 2D Wall-Art | Minimalistic and Classical Art | Modern Art | Cultural Arts- 2D | I96: 2499 | J96: 5600 | K96: 0 | L96: 2 | M96: 12x16 inches @ 2499.00 (-1) | 18x24 inches @ 5600.00 (-3) | N96: gid://shopify/ProductVariant/41963501224035 | O96: =TRUE() -> TRUE | P96: https://cdn.shopify.com/s/files/1/0572/0077/1171/files/Athena_f5cbbb42-ed61-4bdb-b648-d644536eebd9.png?v=1756237521 | Q96: 2024-05-02 | R96: 2024-05-02 | S96: =TRUE() -> TRUE | T96: wall-athena | U96: wall-art | V96: /products/wall-art/athena.svg | W96: exact
A97: Atlas | B97: atlas | C97: gid://shopify/Product/7407316074595 | D97: ACTIVE | E97: Black Aesthetics | H97: 2D Wall-Art | Modern Art | I97: 2499 | J97: 2999 | K97: 0 | L97: 2 | M97: 9x18 inches @ 2499.00 (0) | 12x24 inches @ 2999.00 (-1) | N97: gid://shopify/ProductVariant/41963520786531 | O97: =TRUE() -> TRUE | P97: https://cdn.shopify.com/s/files/1/0572/0077/1171/files/Atlas_1c9a53d0-8017-4500-892b-731ebb1a7eef.png?v=1756237617 | Q97: 2024-05-02 | R97: 2024-05-02 | S97: =TRUE() -> TRUE | T97: wall-atlas | U97: wall-art | V97: /products/wall-art/atlas.svg | W97: exact
A98: Boba Fett | B98: boba-fatt | C98: gid://shopify/Product/7407316172899 | D98: ACTIVE | E98: Black Aesthetics | H98: 2D Wall-Art | Movies | Comics/Superheroes/Movies- 2D | I98: 1999 | J98: 3999 | K98: 0 | L98: 3 | M98: 12x11 inches @ 1999.00 (-1) | 18x16 inches @ 2999.00 (0) | 24x22 inches @ 3999.00 (0) | N98: gid://shopify/ProductVariant/41965569343587 | O98: =TRUE() -> TRUE | P98: https://cdn.shopify.com/s/files/1/0572/0077/1171/files/Boba_Fett.png?v=1756326692 | Q98: 2024-05-02 | R98: 2024-05-02 | S98: =TRUE() -> TRUE | T98: wall-boba-fett | U98: wall-art | V98: /products/wall-art/boba-fett.svg | W98: exact
A99: Bob Marley | B99: bob-marley | C99: gid://shopify/Product/7407316467811 | D99: ACTIVE | E99: Black Aesthetics | H99: 2D Wall-Art | Personalities | I99: 1999 | J99: 3999 | K99: 0 | L99: 3 | M99: 11x12 inches @ 1999.00 (-1) | 17x18 inches @ 2999.00 (0) | 22x24 inches @ 3999.00 (-1) | N99: gid://shopify/ProductVariant/41965529137251 | O99: =TRUE() -> TRUE | P99: https://cdn.shopify.com/s/files/1/0572/0077/1171/files/Bob_Marley.png?v=1756325413 | Q99: 2024-05-02 | R99: 2024-05-02 | S99: =TRUE() -> TRUE | T99: wall-bob-marley | U99: wall-art | V99: /products/wall-art/bob-marley.svg | W99: exact
A100: Casual Astro | B100: casual-astro | C100: gid://shopify/Product/7407318204515 | D100: ACTIVE | E100: Black Aesthetics | H100: 2D Wall-Art | Modern Art | I100: 2499 | J100: 3299 | K100: 0 | L100: 2 | M100: 10x18 inches @ 2499.00 (0) | 14x24 inches @ 3299.00 (0) | N100: gid://shopify/ProductVariant/41966038777955 | O100: =TRUE() -> TRUE | P100: https://cdn.shopify.com/s/files/1/0572/0077/1171/files/Casual-astrocopy.png?v=1756327417 | Q100: 2024-05-02 | R100: 2024-05-02 | S100: =TRUE() -> TRUE | T100: wall-casual-astro | U100: wall-art | V100: /products/wall-art/casual-astro.svg | W100: exact
A101: Deter | B101: deter | C101: gid://shopify/Product/7407318335587 | D101: ACTIVE | E101: Black Aesthetics | H101: 2D Wall-Art | Minimalistic and Classical Art | Modern Art | Best Sellers | I101: 5000 | J101: 5000 | K101: 0 | L101: 1 | M101: 3 Panels: 12x18 inches each panel @ 5000.00 (0) | N101: gid://shopify/ProductVariant/41971746046051 | O101: =TRUE() -> TRUE | P101: https://cdn.shopify.com/s/files/1/0572/0077/1171/files/Detercopy.png?v=1756330335 | Q101: 2024-05-02 | R101: 2024-05-02 | S101: =TRUE() -> TRUE | T101: wall-deter | U101: wall-art | V101: /products/wall-art/deter.svg | W101: exact
A102: Faglar | B102: faglar | C102: gid://shopify/Product/7407318466659 | D102: ACTIVE | E102: Black Aesthetics | H102: 2D Wall-Art | Maths and Nature | Modern Art | I102: 5999 | J102: 9999 | K102: 0 | L102: 2 | M102: 4 Panels: 9x18 inches each panel @ 5999.00 (0) | 4 Panels: 12x24 inches each panel @ 9999.00 (0) | N102: gid://shopify/ProductVariant/41874395201635 | O102: =TRUE() -> TRUE | P102: https://cdn.shopify.com/s/files/1/0572/0077/1171/files/Faglar_16264a6c-a3f4-4d00-820f-b219a963dbb9.png?v=1756389064 | Q102: 2024-05-02 | R102: 2024-05-02 | S102: =TRUE() -> TRUE | T102: wall-faglar | U102: wall-art | V102: /products/wall-art/faglar.svg | W102: exact
A103: Leon & Mathilda | B103: leon-mathilda | C103: gid://shopify/Product/7407318532195 | D103: ACTIVE | E103: Black Aesthetics | H103: 2D Wall-Art | Movies | Comics/Superheroes/Movies- 2D | I103: 2999 | J103: 3999 | K103: 0 | L103: 2 | M103: 17x18 inches @ 2999.00 (0) | 22x24 inches @ 3999.00 (0) | N103: gid://shopify/ProductVariant/41972935065699 | O103: =TRUE() -> TRUE | P103: https://cdn.shopify.com/s/files/1/0572/0077/1171/files/Leon_Mathilda_a04a1355-cb5e-4cb8-b973-de86756f83da.png?v=1756410223 | Q103: 2024-05-02 | R103: 2024-05-02 | S103: =TRUE() -> TRUE | T103: wall-leon-and-mathilda | U103: wall-art | V103: /products/wall-art/leon-and-mathilda.svg | W103: exact
... A115: Amy Winehouse | B115: amy-winehouse | C115: gid://shopify/Product/7407320694883 | D115: ACTIVE | E115: Black Aesthetics | H115: 2D Wall-Art | Personalities | I115: 5000 | J115: 5600 | K115: 0 | L115: 2 | M115: 12x18 inches @ 5000.00 (0) | 18x24 inches @ 5600.00 (0) | N115: gid://shopify/ProductVariant/41963295244387 | O115: =TRUE() -> TRUE | P115: https://cdn.shopify.com/s/files/1/0572/0077/1171/files/Amy_Winehouse.png?v=1756236584 | Q115: 2024-05-02 | R115: 2024-05-02 | S115: =TRUE() -> TRUE | T115: wall-amy-winehouse | U115: wall-art | V115: /products/wall-art/amy-winehouse.svg | W115: exact
A116: Butterflies | B116: butterflies-with-bundle-of-mini-butterflies | C116: gid://shopify/Product/7407321284707 | D116: ACTIVE | E116: Black Aesthetics | H116: 2D Wall-Art | Animals | Maths and Nature | Modern Art | I116: 1999 | J116: 3999 | K116: 0 | L116: 3 | M116: 11x12 inches @ 1999.00 (0) | 16x18 inches @ 2999.00 (0) | 22x24 inches @ 3999.00 (0) | N116: gid://shopify/ProductVariant/41965744291939 | O116: =TRUE() -> TRUE | P116: https://cdn.shopify.com/s/files/1/0572/0077/1171/files/Butterflies-with-bundle-of-mini-butterfliescopy.png?v=1756326948 | Q116: 2024-05-02 | R116: 2024-05-02 | S116: =FALSE() -> FALSE
A117: Climber | B117: climber | C117: gid://shopify/Product/7407321448547 | D117: ACTIVE | E117: Black Aesthetics | H117: 2D Wall-Art | Modern Art | I117: 2499 | J117: 2999 | K117: 0 | L117: 2 | M117: 6x16 inches @ 2499.00 (0) | 9x24 inches @ 2999.00 (0) | N117: gid://shopify/ProductVariant/41966169489507 | O117: =TRUE() -> TRUE | P117: https://cdn.shopify.com/s/files/1/0572/0077/1171/files/Climbercopy.png?v=1756328291 | Q117: 2024-05-02 | R117: 2024-05-02 | S117: =TRUE() -> TRUE | T117: wall-climber | U117: wall-art | V117: /products/wall-art/climber.svg | W117: exact
A118: Creation Of Adam | B118: creation-of-adam | C118: gid://shopify/Product/7407321743459 | D118: ACTIVE | E118: Black Aesthetics | H118: 2D Wall-Art | Minimalistic and Classical Art | Modern Art | I118: 1499 | J118: 2999 | K118: 0 | L118: 3 | M118: 6x12 inches @ 1499.00 (0) | 9x18 inches @ 2499.00 (0) | 12x24 inches @ 2999.00 (0) | N118: gid://shopify/ProductVariant/41972554006627 | O118: =TRUE() -> TRUE | P118: https://cdn.shopify.com/s/files/1/0572/0077/1171/files/Creation-Of-Adamcopy.png?v=1756328429 | Q118: 2024-05-02 | R118: 2024-05-02 | S118: =TRUE() -> TRUE | T118: wall-creation-of-adam-new | U118: wall-art | V118: /products/wall-art/creation-of-adam-new.svg | W118: fuzzy
A119: Decor Horse | B119: decor-hourse | C119: gid://shopify/Product/7407322103907 | D119: ACTIVE | E119: Black Aesthetics | H119: 2D Wall-Art | Animals | I119: 4499 | J119: 8499 | K119: 0 | L119: 3 | M119: 3 Panels: 6x12 inches each panel @ 4499.00 (0) | 3 Panels: 9x18 inches each panel @ 6499.00 (0) | 3 Panels: 12x24 inches each panel @ 8499.00 (0) | N119: gid://shopify/ProductVariant/41966262780003 | O119: =TRUE() -> TRUE | P119: https://cdn.shopify.com/s/files/1/0572/0077/1171/files/Decor-Hoursecopy.png?v=1756329623 | Q119: 2024-05-02 | R119: 2024-05-02 | S119: =TRUE() -> TRUE | T119: wall-decor-horse | U119: wall-art | V119: /products/wall-art/decor-horse.svg | W119: exact
A120: Decor Wall Frames | B120: decor-wall-frames | C120: gid://shopify/Product/7407322267747 | D120: ACTIVE | E120: Black Aesthetics | H120: 2D Wall-Art | Maths and Nature | I120: 2499 | J120: 3499 | K120: 0 | L120: 2 | M120: 15x18 inches @ 2499.00 (0) | 20x24 inches @ 3499.00 (-1) | N120: gid://shopify/ProductVariant/41966274216035 | O120: =TRUE() -> TRUE | P120: https://cdn.shopify.com/s/files/1/0572/0077/1171/files/Decor-Wall-Framescopy.png?v=1756329827 | Q120: 2024-05-02 | R120: 2024-05-02 | S120: =TRUE() -> TRUE | T120: wall-decor-wall-frames | U120: wall-art | V120: /products/wall-art/decor-wall-frames.svg | W120: exact
A121: Existen | B121: existen | C121: gid://shopify/Product/7407322333283 | D121: ACTIVE | E121: Black Aesthetics | H121: 2D Wall-Art | Maths and Nature | Minimalistic and Classical Art | Modern Art | I121: 5600 | J121: 5600 | K121: 0 | L121: 1 | M121: 16x24 inches @ 5600.00 (0) | N121: gid://shopify/ProductVariant/41972746354787 | O121: =TRUE() -> TRUE | P121: https://cdn.shopify.com/s/files/1/0572/0077/1171/files/Existen_fa012c0c-64f6-4d74-af50-b594b4604f99.png?v=1756388794 | Q121: 2024-05-02 | R121: 2024-05-02 | S121: =TRUE() -> TRUE | T121: wall-existen | U121: wall-art | V121: /products/wall-art/existen.svg | W121: exact
A122: Hamsa | B122: hamsa | C122: gid://shopify/Product/7407322398819 | D122: ACTIVE | E122: Black Aesthetics | H122: 2D Wall-Art | Maths and Nature | Cultural Arts- 2D | I122: 5000 | J122: 5600 | K122: 0 | L122: 2 | M122: 12x18 inches @ 5000.00 (0) | 16x24 inches @ 5600.00 (0) | N122: gid://shopify/ProductVariant/41874408341603 | O122: =TRUE() -> TRUE | P122: https://cdn.shopify.com/s/files/1/0572/0077/1171/files/Hamsa_8096d929-948c-4a71-a63e-50d983248f60.png?v=1756407735 | Q122: 2024-05-02 | R122: 2024-05-02 | S122: =TRUE() -> TRUE | T122: wall-hamsa | U122: wall-art | V122: /products/wall-art/hamsa.svg | W122: exact
A123: Lighthouse | B123: light-house | C123: gid://shopify/Product/7407322759267 | D123: ACTIVE | E123: Black Aesthetics | H123: 2D Wall-Art | I123: 1499 | J123: 2999 | K123: 0 | L123: 3 | M123: 6x12 inches @ 1499.00 (0) | 9x18 inches @ 2499.00 (0) | 12x24 inches @ 2999.00 (0) | N123: gid://shopify/ProductVariant/41874409652323 | O123: =TRUE() -> TRUE | P123: https://cdn.shopify.com/s/files/1/0572/0077/1171/files/Lighthouse.png?v=1756410838 | Q123: 2024-05-02 | R123: 2024-05-02 | S123: =TRUE() -> TRUE | T123: wall-light-house | U123: wall-art | V123: /products/wall-art/light-house.svg | W123: exact
A124: Loving Decoration Frame | B124: loving-decoration-frame | C124: gid://shopify/Product/7407322955875 | D124: ACTIVE | E124: Black Aesthetics | H124: 2D Wall-Art | Minimalistic and Classical Art | Modern Art | I124: 2999 | J124: 3999 | K124: 0 | L124: 2 | M124: 18x18 inches @ 2999.00 (0) | 24x24 inches @ 3999.00 (0) | N124: gid://shopify/ProductVariant/41973040775267 | O124: =TRUE() -> TRUE | P124: https://cdn.shopify.com/s/files/1/0572/0077/1171/files/Loving_Decoration_Frame.png?v=1756411246 | Q124: 2024-05-02 | R124: 2024-05-02 | S124: =TRUE() -> TRUE | T124: wall-loving-decoration-frame | U124: wall-art | V124: /products/wall-art/loving-decoration-frame.svg | W124: exact
A125: M2 Marla Singer | B125: m2-marla-singer | C125: gid://shopify/Product/7407323316323 | D125: ACTIVE | E125: Black Aesthetics | H125: 2D Wall-Art | Personalities | I125: 5000 | J125: 5600 | K125: 0 | L125: 2 | M125: 12x18 inches @ 5000.00 (-4) | 16x24 inches @ 5600.00 (0) | N125: gid://shopify/ProductVariant/41874411847779 | O125: =TRUE() -> TRUE | P125: https://cdn.shopify.com/s/files/1/0572/0077/1171/files/M2Marla-Singercopy.png?v=1756411450 | Q125: 2024-05-02 | R125: 2024-05-02 | S125: =TRUE() -> TRUE | T125: wall-marla-singer-new | U125: wall-art | V125: /products/wall-art/marla-singer-new.svg | W125: alias
A126: Marilyn Monroe | B126: marilyn-monroe | C126: gid://shopify/Product/7407323545699 | D126: ACTIVE | E126: Black Aesthetics | H126: 2D Wall-Art | Personalities | Movies | I126: 2499 | J126: 5600 | K126: 0 | L126: 2 | M126: 12x16 inches @ 2499.00 (-1) | 18x24 inches @ 5600.00 (0) | N126: gid://shopify/ProductVariant/41874412568675 | O126: =TRUE() -> TRUE | P126: https://cdn.shopify.com/s/files/1/0572/0077/1171/files/Marilyn_Monroe.png?v=1756411859 | Q126: 2024-05-02 | R126: 2024-05-02 | S126: =TRUE() -> TRUE | T126: wall-marilyn-monroe | U126: wall-art | V126: /products/wall-art/marilyn-monroe.svg | W126: exact
A127: Monstera | B127: monstera | C127: gid://shopify/Product/7407323709539 | D127: ACTIVE | E127: Black Aesthetics | H127: 2D Wall-Art | Maths and Nature | I127: 2499 | J127: 5600 | K127: 0 | L127: 2 | M127: 12x16 inches @ 2499.00 (0) | 18x24 inches @ 5600.00 (0) | N127: gid://shopify/ProductVariant/41874413355107 | O127: =TRUE() -> TRUE | P127: https://cdn.shopify.com/s/files/1/0572/0077/1171/files/Monstera_14905f62-4205-446c-9792-aa7c317f01e5.png?v=1756412281 | Q127: 2024-05-02 | R127: 2024-05-02 | S127: =TRUE() -> TRUE | T127: wall-monstera | U127: wall-art | V127: /products/wall-art/monstera.svg | W127: exact
A128: Poseidon | B128: poseidon | C128: gid://shopify/Product/7407323906147 | D128: ACTIVE | E128: Black Aesthetics | H128: 2D Wall-Art | Minimalistic and Classical Art | I128: 2999 | J128: 3999 | K128: 0 | L128: 2 | M128: 18x18 inches @ 2999.00 (0) | 24x24 inches @ 3999.00 (0) | N128: gid://shopify/ProductVariant/41874413944931 | O128: =TRUE() -> TRUE | P128: https://cdn.shopify.com/s/files/1/0572/0077/1171/files/Poseidoncopy.png?v=1756493693 | Q128: 2024-05-02 | R128: 2024-05-02 | S128: =TRUE() -> TRUE | T128: wall-poseidon | U128: wall-art | V128: /products/wall-art/poseidon.svg | W128: exact
A129: Themis | B129: themis-v-1 | C129: gid://shopify/Product/7407324004451 | D129: ACTIVE | E129: Black Aesthetics | H129: 2D Wall-Art | Minimalistic and Classical Art | I129: 2999 | J129: 3999 | K129: 0 | L129: 2 | M129: 15x18 inches @ 2999.00 (0) | 20x24 inches @ 3999.00 (-1) | N129: gid://shopify/ProductVariant/41874414141539 | O129: =TRUE() -> TRUE | P129: https://cdn.shopify.com/s/files/1/0572/0077/1171/files/Themis.png?v=1756496122 | Q129: 2024-05-02 | R129: 2024-05-02 | S129: =TRUE() -> TRUE | T129: wall-themis-v-1 | U129: wall-art | V129: /products/wall-art/themis-v-1.svg | W129: exact
A130: Wolf Variant 3 | B130: wolf-v-4 | C130: gid://shopify/Product/7407324921955 | D130: ACTIVE | E130: Black Aesthetics | H130: 2D Wall-Art | Animals | I130: 1999 | J130: 3999 | K130: 0 | L130: 3 | M130: 12x12 inches @ 1999.00 (0) | 18x18 inches @ 2999.00 (0) | 24x24 inches @ 3999.00 (0) | N130: gid://shopify/ProductVariant/41874416402531 | O130: =TRUE() -> TRUE | P130: https://cdn.shopify.com/s/files/1/0572/0077/1171/files/Wolf_Variant_3.png?v=1756497278 | Q130: 2024-05-02 | R130: 2024-05-02 | S130: =FALSE() -> FALSE
A131: Tiger | B131: tiger-1 | C131: gid://shopify/Product/7436402393187 | D131: ACTIVE | E131: Black Aesthetics | G131: Digital Art, Poster | H131: Animals | Digital Art | I131: 3500 | J131: 5600 | K131: 0 | L131: 4 | M131: 6x9 inches @ 3500.00 (99) | 8x12 inches @ 4200.00 (0) | 12x18 inches @ 5000.00 (99) | 18x24 inches @ 5600.00 (99) | N131: gid://shopify/ProductVariant/42125683589219 | O131: =TRUE() -> TRUE | P131: https://cdn.shopify.com/s/files/1/0572/0077/1171/files/Tiger_9dde9975-1308-4550-b12e-783744b940be.png?v=1756496310 | Q131: 2024-05-15 | R131: 2024-05-15 | S131: =FALSE() -> FALSE
A132: Moonlit Night | B132: moonlit-night | C132: gid://shopify/Product/7436402851939 | D132: ACTIVE | E132: Black Aesthetics | G132: Digital Art, Poster | H132: Digital Art | I132: 3500 | J132: 5600 | K132: 0 | L132: 4 | M132: 6x9 inches @ 3500.00 (0) | 8x12 inches @ 4200.00 (999) | 12x18 inches @ 5000.00 (99) | 18x24 inches @ 5600.00 (99) | N132: gid://shopify/ProductVariant/43541081456739 | O132: =TRUE() -> TRUE | P132: https://cdn.shopify.com/s/files/1/0572/0077/1171/files/Moonlit_Night.png?v=1756412353 | Q132: 2024-05-15 | R132: 2024-05-15 | S132: =FALSE() -> FALSE
A133: Moonlit Night Variant 2 | B133: moonlit-night-v2 | C133: gid://shopify/Product/7436403540067 | D133: ACTIVE | E133: Black Aesthetics | G133: Digital Art, Poster | H133: Digital Art | I133: 3500 | J133: 5600 | K133: 0 | L133: 4 | M133: 6x9 inches @ 3500.00 (0) | 8x12 inches @ 4200.00 (99) | 12x18 inches @ 5000.00 (9) | 18x24 inches @ 5600.00 (9) | N133: gid://shopify/ProductVariant/43541080670307 | O133: =TRUE() -> TRUE | P133: https://cdn.shopify.com/s/files/1/0572/0077/1171/files/Moonlit_Night_Variant_2.png?v=1756412440 | Q133: 2024-05-15 | R133: 2024-05-15 | S133: =FALSE() -> FALSE
A134: Lightning Dragon | B134: lightning-dragon | C134: gid://shopify/Product/7436404129891 | D134: ACTIVE | E134: Black Aesthetics | G134: Digital Art, Poster | H134: Anime/Manga | Digital Art | Best Sellers | I134: 3500 | J134: 5600 | K134: 0 | L134: 4 | M134: 6x9 inches @ 3500.00 (0) | 8x12 inches @ 4200.00 (999) | 12x18 inches @ 5000.00 (18) | 18x24 inches @ 5600.00 (9) | N134: gid://shopify/ProductVariant/43541080244323 | O134: =TRUE() -> TRUE | P134: https://cdn.shopify.com/s/files/1/0572/0077/1171/files/Artboard6_0746ded1-9b4d-4512-b0b0-5ec53370f3a7.png?v=1756410898 | Q134: 2024-05-15 | R134: 2024-05-15 | S134: =FALSE() -> FALSE
A135: Ink Style Dancing Girl | B135: dancing-girl | C135: gid://shopify/Product/7448697012323 | D135: ACTIVE | E135: Black Aesthetics | G135: Digital Art, Poster | H135: Minimalistic and Classical Art | Modern Art | I135: 3500 | J135: 5600 | K135: 0 | L135: 4 | M135: 6x9 inches @ 3500.00 (99) | 8x12 inches @ 4200.00 (0) | 12x18 inches @ 5000.00 (9) | 18x24 inches @ 5600.00 (9) | N135: gid://shopify/ProductVariant/42125533347939 | O135: =TRUE() -> TRUE | P135: https://cdn.shopify.com/s/files/1/0572/0077/1171/files/Artboard6_9ac0e834-53bb-4aaa-9d7f-905048ec14a4.png?v=1756408758 | Q135: 2024-05-20 | R135: 2024-05-20 | S135: =FALSE() -> FALSE
A136: Ink Abstract | B136: ink-abstract | C136: gid://shopify/Product/7448730959971 | D136: ACTIVE | E136: Black Aesthetics | G136: Digital Art, Poster | H136: Minimalistic and Classical Art | Modern Art | Digital Art | I136: 3500 | J136: 5600 | K136: 0 | L136: 4 | M136: 6x9 inches @ 3500.00 (99) | 8x12 inches @ 4200.00 (0) | 12x18 inches @ 5000.00 (9) | 18x24 inches @ 5600.00 (9) | N136: gid://shopify/ProductVariant/42125603242083 | O136: =TRUE() -> TRUE | P136: https://cdn.shopify.com/s/files/1/0572/0077/1171/files/Artboard6_5062cc72-1c20-4316-a9b8-9f819226f726.png?v=1756499097 | Q136: 2024-05-20 | R136: 2024-05-20 | S136: =FALSE() -> FALSE
A137: Ink Dancing girl | B137: ink-dancing-girl | C137: gid://shopify/Product/7448734892131 | D137: ACTIVE | E137: Black Aesthetics | G137: Digital Art, Poster | H137: Minimalistic and Classical Art | Modern Art | Digital Art | I137: 3500 | J137: 5600 | K137: 0 | L137: 4 | M137: 6x9 inches @ 3500.00 (99) | 8x12 inches @ 4200.00 (0) | 12x18 inches @ 5000.00 (18) | 18x24 inches @ 5600.00 (18) | N137: gid://shopify/ProductVariant/42125621264483 | O137: =TRUE() -> TRUE | P137: https://cdn.shopify.com/s/files/1/0572/0077/1171/files/InkDancinggirl.png?v=1756499261 | Q137: 2024-05-20 | R137: 2024-05-20 | S137: =FALSE() -> FALSE
A138: Ink Dancing Girl Variant 2 | B138: ink-dancing-girl-2 | C138: gid://shopify/Product/7448753635427 | D138: ACTIVE | E138: Black Aesthetics | G138: Digital Art, Poster | H138: Minimalistic and Classical Art | Modern Art | Digital Art | I138: 3500 | J138: 5600 | K138: 0 | L138: 4 | M138: 6x9 inches @ 3500.00 (99) | 8x12 inches @ 4200.00 (0) | 12x18 inches @ 5000.00 (18) | 18x24 inches @ 5600.00 (18) | N138: gid://shopify/ProductVariant/42125624737891 | O138: =TRUE() -> TRUE | P138: https://cdn.shopify.com/s/files/1/0572/0077/1171/files/InkDancingGirlVariant2.png?v=1756499166 | Q138: 2024-05-20 | R138: 2024-05-20 | S138: =FALSE() -> FALSE
A139: Ink Dancing Girl Variant 3 | B139: ink-dancing-girl-3 | C139: gid://shopify/Product/7448762024035 | D139: ACTIVE | E139: Black Aesthetics | G139: Digital Art, Poster | H139: Minimalistic and Classical Art | Modern Art | Digital Art | I139: 3500 | J139: 5600 | K139: 0 | L139: 4 | M139: 6x9 inches @ 3500.00 (99) | 8x12 inches @ 4200.00 (0) | 12x18 inches @ 5000.00 (18) | 18x24 inches @ 5600.00 (18) | N139: gid://shopify/ProductVariant/42125637517411 | O139: =TRUE() -> TRUE | P139: https://cdn.shopify.com/s/files/1/0572/0077/1171/files/InkDancingGirlVariant3.png?v=1756499219 | Q139: 2024-05-20 | R139: 2024-05-20 | S139: =FALSE() -> FALSE
A140: Ink Thumbprint | B140: ink-thumbprint | C140: gid://shopify/Product/7448830083171 | D140: ACTIVE | E140: Black Aesthetics | G140: Digital Art, Poster | H140: Minimalistic and Classical Art | Modern Art | Digital Art | I140: 3500 | J140: 5600 | K140: 0 | L140: 4 | M140: 6x9 inches @ 3500.00 (99) | 8x12 inches @ 4200.00 (0) | 12x18 inches @ 5000.00 (18) | 18x24 inches @ 5600.00 (18) | N140: gid://shopify/ProductVariant/42125638697059 | O140: =TRUE() -> TRUE | P140: https://cdn.shopify.com/s/files/1/0572/0077/1171/files/InkThumbprint.png?v=1756546149 | Q140: 2024-05-20 | R140: 2024-05-20 | S140: =FALSE() -> FALSE
A141: Black Ink Abstract | B141: abstract | C141: gid://shopify/Product/7448833163363 | D141: ACTIVE | E141: Black Aesthetics | G141: Digital Art, Poster | H141: Minimalistic and Classical Art | Modern Art | Digital Art | I141: 3500 | J141: 5600 | K141: 0 | L141: 4 | M141: 6x9 inches @ 3500.00 (99) | 8x12 inches @ 4200.00 (0) | 12x18 inches @ 5000.00 (11) | 16x24 inches @ 5600.00 (10) | N141: gid://shopify/ProductVariant/42125496057955 | O141: =TRUE() -> TRUE | P141: https://cdn.shopify.com/s/files/1/0572/0077/1171/files/Artboard9_0d05f395-3b10-4568-9086-f5e47174352f.png?v=1756329187 | Q141: 2024-05-20 | R141: 2024-05-20 | S141: =FALSE() -> FALSE
A142: Black and White Whirlpool | B142: abstract-1 | C142: gid://shopify/Product/7448836341859 | D142: ACTIVE | E142: Black Aesthetics | G142: Digital Art, Poster | H142: Minimalistic and Classical Art | Modern Art | Digital Art | I142: 3500 | J142: 5600 | K142: 0 | L142: 4 | M142: 6x9 inches @ 3500.00 (99) | 8x12 inches @ 4200.00 (0) | 12x18 inches @ 5000.00 (10) | 18x24 inches @ 5600.00 (10) | N142: gid://shopify/ProductVariant/42125497303139 | O142: =TRUE() -> TRUE | P142: https://cdn.shopify.com/s/files/1/0572/0077/1171/files/Artboard9_12d25131-9dd1-4b29-b83c-9bd5ca11cbcf.png?v=1756498323 | Q142: 2024-05-20 | R142: 2024-05-20 | S142: =FALSE() -> FALSE
A143: Abstract dancer | B143: abstract-dancing-girl | C143: gid://shopify/Product/7448848629859 | D143: ACTIVE | E143: Black Aesthetics | G143: Digital Art, Poster | H143: Minimalistic and Classical Art | Modern Art | Digital Art | Best Sellers | I143: 3500 | J143: 5600 | K143: 0 | L143: 4 | M143: 6x9 inches @ 3500.00 (999) | 8x12 inches @ 4200.00 (0) | 12x18 inches @ 5000.00 (9) | 18x24 inches @ 5600.00 (9) | N143: gid://shopify/ProductVariant/42125500481635 | O143: =TRUE() -> TRUE | P143: https://cdn.shopify.com/s/files/1/0572/0077/1171/files/Abstractdancer.png?v=1756498175 | Q143: 2024-05-20 | R143: 2024-05-20 | S143: =FALSE() -> FALSE
A144: Baby Groot | B144: baby-groot | C144: gid://shopify/Product/7449001001059 | D144: ACTIVE | E144: Black Aesthetics | H144: 2D Wall-Art | Movies | Comics/Superheroes/Movies- 2D | I144: 2499 | J144: 2999 | K144: 0 | L144: 2 | M144: 11x18 inches @ 2499.00 (9) | 14x24 inches @ 2999.00 (9) | N144: gid://shopify/ProductVariant/42000415588451 | O144: =TRUE() -> TRUE | P144: https://cdn.shopify.com/s/files/1/0572/0077/1171/files/BabyGroot_c54a02fd-1602-45df-a9ae-4d20120183a9.png?v=1756497820 | Q144: 2024-05-20 | R144: 2024-05-20 | S144: =TRUE() -> TRUE | T144: wall-baby-groot | U144: wall-art | V144: /products/wall-art/baby-groot.svg | W144: exact
A145: Batman and Joker | B145: batman-and-joker | C145: gid://shopify/Product/7449003163747 | D145: ACTIVE | E145: Black Aesthetics | H145: 2D Wall-Art | Comics and Superheroes | Movies | Comics/Superheroes/Movies- 2D | I145: 2499 | J145: 5600 | K145: 0 | L145: 2 | M145: 12x16 inches @ 2499.00 (9) | 18x24 inches @ 5600.00 (9) | N145: gid://shopify/ProductVariant/42000419061859 | O145: =TRUE() -> TRUE | P145: https://cdn.shopify.com/s/files/1/0572/0077/1171/files/Batman_and_Joker.png?v=1756238023 | Q145: 2024-05-20 | R145: 2024-05-20 | S145: =TRUE() -> TRUE | T145: wall-batman-and-joker | U145: wall-art | V145: /products/wall-art/batman-and-joker.svg | W145: exact
A146: Batman DC Superhero | B146: batman-dc-superhero | C146: gid://shopify/Product/7449006211171 | D146: ACTIVE | E146: Black Aesthetics | H146: 2D Wall-Art | Comics and Superheroes | Movies | Comics/Superheroes/Movies- 2D | I146: 1999 | J146: 3999 | K146: 0 | L146: 3 | M146: 12x12 inches @ 1999.00 (9) | 18x18 inches @ 2999.00 (9) | 24x24 inches @ 3999.00 (9) | N146: gid://shopify/ProductVariant/42000423714915 | O146: =TRUE() -> TRUE | P146: https://cdn.shopify.com/s/files/1/0572/0077/1171/files/Batman_DC_Superhero.png?v=1756238082 | Q146: 2024-05-20 | R146: 2024-05-20 | S146: =TRUE() -> TRUE | T146: wall-batman-dc-superhero | U146: wall-art | V146: /products/wall-art/batman-dc-superhero.svg | W146: exact
A147: Kakashi | B147: kaico | C147: gid://shopify/Product/7449011519587 | D147: ACTIVE | E147: Black Aesthetics | H147: 2D Wall-Art | Anime/Manga | Anime/Manga- 2D | I147: 5000 | J147: 5600 | K147: 0 | L147: 2 | M147: 12x18 inches @ 5000.00 (17) | 16x24 inches @ 5600.00 (15) | N147: gid://shopify/ProductVariant/42000432365667 | O147: =TRUE() -> TRUE | P147: https://cdn.shopify.com/s/files/1/0572/0077/1171/files/Kakashi.png?v=1756409856 | Q147: 2024-05-20 | R147: 2024-05-20 | S147: =TRUE() -> TRUE | T147: wall-kakashi | U147: wall-art | V147: /products/wall-art/kakashi.svg | W147: exact
A148: Khaleesi | B148: khaleesi | C148: gid://shopify/Product/7449016205411 | D148: ACTIVE | E148: Black Aesthetics | H148: 2D Wall-Art | Personalities | Movies | Comics/Superheroes/Movies- 2D | I148: 5000 | J148: 5600 | K148: 0 | L148: 2 | M148: 12x18 inches @ 5000.00 (18) | 16x24 inches @ 5600.00 (18) | N148: gid://shopify/ProductVariant/42000439083107 | O148: =TRUE() -> TRUE | P148: https://cdn.shopify.com/s/files/1/0572/0077/1171/files/Khaleesi_f6217baf-5815-4dfa-9e9f-853ca1ade437.png?v=1756409918 | Q148: 2024-05-20 | R148: 2024-05-20 | S148: =TRUE() -> TRUE | T148: wall-khaleesi | U148: wall-art | V148: /products/wall-art/khaleesi.svg | W148: exact
...

Sheet 3D Website Products
A1: Local Product ID | B1: Name | C1: Kind | D1: Nav Category | E1: Subcollections | F1: Local Asset | G1: Live On Shopify | H1: Shopify Handle | I1: Shopify Product GID | J1: Shopify Status | K1: Shopify Price (PKR) | L1: Variant GIDs | M1: Match Confidence
A2: wall-elegant-horse-head | B2: Elegant Horse Head | C2: wall-art | D2: wall-art | E2: animals | F2: /products/wall-art/elegant-horse-head.svg | G2: =TRUE() -> TRUE | H2: elegant-horse-head | I2: gid://shopify/Product/7407313879139 | J2: ACTIVE | K2: 2999 | L2: gid://shopify/ProductVariant/41972684423267 | gid://shopify/ProductVariant/41972684456035 | M2: exact
A3: wall-athena | B3: Athena | C3: wall-art | D3: wall-art | F3: /products/wall-art/athena.svg | G3: =TRUE() -> TRUE | H3: athena | I3: gid://shopify/Product/7407315714147 | J3: ACTIVE | K3: 2499 | L3: gid://shopify/ProductVariant/41963501224035 | gid://shopify/ProductVariant/41963501256803 | M3: exact
A4: wall-astronaut | B4: Astronaut | C4: wall-art | D4: wall-art | F4: /products/wall-art/astronaut.svg | G4: =TRUE() -> TRUE | H4: astronaut | I4: gid://shopify/Product/7407315091555 | J4: ACTIVE | K4: 3499 | L4: gid://shopify/ProductVariant/41963492769891 | gid://shopify/ProductVariant/41963492802659 | M4: exact
A5: wall-lion | B5: Lion | C5: wall-art | D5: wall-art | F5: /products/wall-art/lion.svg | G5: =TRUE() -> TRUE | H5: lion | I5: gid://shopify/Product/7407311814755 | J5: ACTIVE | K5: 5000 | L5: gid://shopify/ProductVariant/41874375442531 | gid://shopify/ProductVariant/41985866891363 | M5: exact
A6: wall-wolf | B6: Wolf | C6: wall-art | D6: wall-art | E6: animals | F6: /products/wall-art/wolf.svg | G6: =TRUE() -> TRUE | H6: wolf | I6: gid://shopify/Product/7405796851811 | J6: ACTIVE | K6: 2499 | L6: gid://shopify/ProductVariant/41867231035491 | gid://shopify/ProductVariant/41973148549219 | M6: exact
A7: wall-elephant | B7: Elephant | C7: wall-art | D7: wall-art | E7: animals | F7: /products/wall-art/elephant.svg | G7: =TRUE() -> TRUE | H7: elephant | I7: gid://shopify/Product/7407086469219 | J7: ACTIVE | K7: 3999 | L7: gid://shopify/ProductVariant/41972689666147 | M7: exact
A8: wall-abstract-cat | B8: Abstract Cat | C8: wall-art | D8: wall-art | E8: animals, minimalistic | F8: /products/wall-art/abstract-cat.svg | G8: =TRUE() -> TRUE | H8: cat-1 | I8: gid://shopify/Product/7405780041827 | J8: ACTIVE | K8: 1999 | L8: gid://shopify/ProductVariant/41966097662051 | gid://shopify/ProductVariant/41972520124515 | M8: exact
A9: wall-adera | B9: Adera | C9: wall-art | D9: wall-art | F9: /products/wall-art/adera.svg | G9: =TRUE() -> TRUE | H9: adera | I9: gid://shopify/Product/7405777748067 | J9: ACTIVE | K9: 2499 | L9: gid://shopify/ProductVariant/41921256980579 | M9: exact
A10: wall-amy-winehouse | B10: Amy Winehouse | C10: wall-art | D10: wall-art | E10: personalities | F10: /products/wall-art/amy-winehouse.svg | G10: =TRUE() -> TRUE | H10: amy-winehouse | I10: gid://shopify/Product/7407320694883 | J10: ACTIVE | K10: 5000 | L10: gid://shopify/ProductVariant/41963295244387 | gid://shopify/ProductVariant/41963295277155 | M10: exact
A11: wall-baby-groot | B11: Baby Groot | C11: wall-art | D11: wall-art | E11: comics-superheroes | F11: /products/wall-art/baby-groot.svg | G11: =TRUE() -> TRUE | H11: baby-groot | I11: gid://shopify/Product/7449001001059 | J11: ACTIVE | K11: 2499 | L11: gid://shopify/ProductVariant/42000415588451 | gid://shopify/ProductVariant/42000415621219 | M11: exact
A12: wall-batman-dc-superhero | B12: Batman DC Superhero | C12: wall-art | D12: wall-art | E12: comics-superheroes | F12: /products/wall-art/batman-dc-superhero.svg | G12: =TRUE() -> TRUE | H12: batman-dc-superhero | I12: gid://shopify/Product/7449006211171 | J12: ACTIVE | K12: 1999 | L12: gid://shopify/ProductVariant/42000423714915 | gid://shopify/ProductVariant/42000423747683 | gid://shopify/ProductVariant/42000423780451 | M12: exact
A13: wall-batman-and-joker | B13: Batman and Joker | C13: wall-art | D13: wall-art | E13: comics-superheroes | F13: /products/wall-art/batman-and-joker.svg | G13: =TRUE() -> TRUE | H13: batman-and-joker | I13: gid://shopify/Product/7449003163747 | J13: ACTIVE | K13: 2499 | L13: gid://shopify/ProductVariant/42000419061859 | gid://shopify/ProductVariant/42000419094627 | M13: exact
A14: wall-bee | B14: Bee | C14: wall-art | D14: wall-art | E14: animals | F14: /products/wall-art/bee.svg | G14: =TRUE() -> TRUE | H14: bee | I14: gid://shopify/Product/7407053537379 | J14: ACTIVE | K14: 2499 | L14: gid://shopify/ProductVariant/41963553718371 | gid://shopify/ProductVariant/41963553751139 | M14: exact
A15: wall-bob-marley | B15: Bob Marley | C15: wall-art | D15: wall-art | E15: personalities | F15: /products/wall-art/bob-marley.svg | G15: =TRUE() -> TRUE | H15: bob-marley | I15: gid://shopify/Product/7407316467811 | J15: ACTIVE | K15: 1999 | L15: gid://shopify/ProductVariant/41965529137251 | gid://shopify/ProductVariant/41965529170019 | gid://shopify/ProductVariant/41965529202787 | M15: exact
A16: wall-boba-fett | B16: Boba Fett | C16: wall-art | D16: wall-art | E16: comics-superheroes | F16: /products/wall-art/boba-fett.svg | G16: =TRUE() -> TRUE | H16: boba-fatt | I16: gid://shopify/Product/7407316172899 | J16: ACTIVE | K16: 1999 | L16: gid://shopify/ProductVariant/41965569343587 | gid://shopify/ProductVariant/41972459044963 | gid://shopify/ProductVariant/41965569376355 | M16: exact
A17: wall-bull | B17: Bull | C17: wall-art | D17: wall-art | E17: animals | F17: /products/wall-art/bull.svg | G17: =TRUE() -> TRUE | H17: bull | I17: gid://shopify/Product/7405779452003 | J17: ACTIVE | K17: 2499 | L17: gid://shopify/ProductVariant/41965720862819 | gid://shopify/ProductVariant/41965720895587 | M17: exact
A18: wall-butterfly | B18: Butterfly | C18: wall-art | D18: wall-art | E18: animals | F18: /products/wall-art/butterfly.svg | G18: =TRUE() -> TRUE | H18: butterfly | I18: gid://shopify/Product/7407054553187 | J18: ACTIVE | K18: 1999 | L18: gid://shopify/ProductVariant/41965797113955 | gid://shopify/ProductVariant/41972475854947 | gid://shopify/ProductVariant/41965797146723 | M18: exact
A19: wall-cat | B19: Cat | C19: wall-art | D19: wall-art | E19: animals | F19: /products/wall-art/cat.svg | G19: =TRUE() -> TRUE | H19: cat | I19: gid://shopify/Product/7405779779683 | J19: ACTIVE | K19: 1999 | L19: gid://shopify/ProductVariant/41867185684579 | gid://shopify/ProductVariant/41972504232035 | gid://shopify/ProductVariant/41972504264803 | M19: exact
A20: wall-circle-of-life | B20: Circle of Life | C20: wall-art | D20: wall-art | E20: minimalistic | F20: /products/wall-art/circle-of-life.svg | G20: =TRUE() -> TRUE | H20: circle-of-life | I20: gid://shopify/Product/7405780402275 | J20: ACTIVE | K20: 1999 | L20: gid://shopify/ProductVariant/41966121255011 | gid://shopify/ProductVariant/41966121287779 | gid://shopify/ProductVariant/41966121320547 | M20: exact
A21: wall-climber | B21: Climber | C21: wall-art | D21: wall-art | F21: /products/wall-art/climber.svg | G21: =TRUE() -> TRUE | H21: climber | I21: gid://shopify/Product/7407321448547 | J21: ACTIVE | K21: 2499 | L21: gid://shopify/ProductVariant/41966169489507 | gid://shopify/ProductVariant/41966169522275 | M21: exact
A22: wall-cowboy | B22: Cowboy | C22: wall-art | D22: wall-art | E22: movies-pop | F22: /products/wall-art/cowboy.svg | G22: =TRUE() -> TRUE | H22: cowboy | I22: gid://shopify/Product/7405785940067 | J22: ACTIVE | K22: 5000 | L22: gid://shopify/ProductVariant/41966215397475 | gid://shopify/ProductVariant/41966215430243 | M22: exact
A23: wall-decor-horse | B23: Decor Horse | C23: wall-art | D23: wall-art | E23: animals, minimalistic | F23: /products/wall-art/decor-horse.svg | G23: =TRUE() -> TRUE | H23: decor-hourse | I23: gid://shopify/Product/7407322103907 | J23: ACTIVE | K23: 4499 | L23: gid://shopify/ProductVariant/41966262780003 | gid://shopify/ProductVariant/41966262812771 | gid://shopify/ProductVariant/41966262845539 | M23: exact
A24: wall-deer-head | B24: Deer Head | C24: wall-art | D24: wall-art | E24: animals | F24: /products/wall-art/deer-head.svg | G24: =TRUE() -> TRUE | H24: dear-head | I24: gid://shopify/Product/7407314370659 | J24: ACTIVE | K24: 1999 | L24: gid://shopify/ProductVariant/41966249541731 | gid://shopify/ProductVariant/41966249574499 | gid://shopify/ProductVariant/41966249607267 | M24: exact
A25: wall-dolphin | B25: Dolphin | C25: wall-art | D25: wall-art | E25: animals | F25: /products/wall-art/dolphin.svg | G25: =TRUE() -> TRUE | H25: dolphin | I25: gid://shopify/Product/7407314239587 | J25: ACTIVE | K25: 1999 | L25: gid://shopify/ProductVariant/41874388811875 | gid://shopify/ProductVariant/41971868205155 | gid://shopify/ProductVariant/41971868237923 | M25: exact
A26: wall-eagle | B26: Eagle | C26: wall-art | D26: wall-art | E26: animals | F26: /products/wall-art/eagle.svg | G26: =TRUE() -> TRUE | H26: eagle | I26: gid://shopify/Product/7407081291875 | J26: ACTIVE | K26: 2499 | L26: gid://shopify/ProductVariant/41872950722659 | gid://shopify/ProductVariant/41972637270115 | M26: exact
A27: wall-family-tree | B27: Family Tree | C27: wall-art | D27: wall-art | F27: /products/wall-art/family-tree.svg | G27: =TRUE() -> TRUE | H27: family-tree | I27: gid://shopify/Product/7407313616995 | J27: ACTIVE | K27: 5600 | L27: gid://shopify/ProductVariant/41972805795939 | M27: exact
A28: wall-flower-floral | B28: Flower Floral | C28: wall-art | D28: wall-art | E28: minimalistic | F28: /products/wall-art/flower-floral.svg | G28: =TRUE() -> TRUE | H28: flower-floral | I28: gid://shopify/Product/7407313092707 | J28: ACTIVE | K28: 3999 | L28: gid://shopify/ProductVariant/41972816052323 | M28: exact
A29: wall-flower-of-life | B29: Flower of Life | C29: wall-art | D29: wall-art | E29: minimalistic | F29: /products/wall-art/flower-of-life.svg | G29: =TRUE() -> TRUE | H29: flower-of-life | I29: gid://shopify/Product/7407313420387 | J29: ACTIVE | K29: 1999 | L29: gid://shopify/ProductVariant/41874387140707 | gid://shopify/ProductVariant/41972820148323 | gid://shopify/ProductVariant/41972820181091 | M29: exact
A30: wall-fox | B30: Fox | C30: wall-art | D30: wall-art | E30: animals | F30: /products/wall-art/fox.svg | G30: =TRUE() -> TRUE | H30: fox | I30: gid://shopify/Product/7407109898339 | J30: ACTIVE | K30: 1999 | L30: gid://shopify/ProductVariant/41873210933347 | gid://shopify/ProductVariant/41972827881571 | gid://shopify/ProductVariant/41972827914339 | M30: exact
A31: wall-geometric-heart | B31: Geometric Heart | C31: wall-art | D31: wall-art | E31: minimalistic | F31: /products/wall-art/geometric-heart.svg | G31: =TRUE() -> TRUE | H31: geometric-heart | I31: gid://shopify/Product/7407312732259 | J31: ACTIVE | K31: 1999 | L31: gid://shopify/ProductVariant/41874381078627 | gid://shopify/ProductVariant/41972852850787 | gid://shopify/ProductVariant/41972852883555 | M31: exact
A32: wall-geometric-horse | B32: Geometric Horse | C32: wall-art | D32: wall-art | E32: animals, minimalistic | F32: /products/wall-art/geometric-horse.svg | G32: =TRUE() -> TRUE | H32: geometric-horse | I32: gid://shopify/Product/7407111176291 | J32: ACTIVE | K32: 5000 | L32: gid://shopify/ProductVariant/41873220141155 | gid://shopify/ProductVariant/41972858126435 | M32: exact
A33: wall-gojo | B33: Gojo | C33: wall-art | D33: wall-art | E33: anime-manga | F33: /products/wall-art/gojo.svg | G33: =TRUE() -> TRUE | H33: symbiotic-energy-of-venom | I33: gid://shopify/Product/7449105203299 | J33: ACTIVE | K33: 5000 | L33: gid://shopify/ProductVariant/42000595288163 | gid://shopify/ProductVariant/42000595320931 | M33: exact
A34: wall-hamsa | B34: Hamsa | C34: wall-art | D34: wall-art | E34: cultural | F34: /products/wall-art/hamsa.svg | G34: =TRUE() -> TRUE | H34: hamsa | I34: gid://shopify/Product/7407322398819 | J34: ACTIVE | K34: 5000 | L34: gid://shopify/ProductVariant/41874408341603 | gid://shopify/ProductVariant/41972877459555 | M34: exact
A35: wall-horse | B35: Horse | C35: wall-art | D35: wall-art | E35: animals | F35: /products/wall-art/horse.svg | G35: =TRUE() -> TRUE | H35: horse | I35: gid://shopify/Product/7407286124643 | J35: ACTIVE | K35: 5000 | L35: gid://shopify/ProductVariant/41874259968099 | gid://shopify/ProductVariant/41972894859363 | M35: exact
A36: wall-kakashi | B36: Kakashi | C36: wall-art | D36: wall-art | E36: anime-manga | F36: /products/wall-art/kakashi.svg | G36: =TRUE() -> TRUE | H36: kaico | I36: gid://shopify/Product/7449011519587 | J36: ACTIVE | K36: 5000 | L36: gid://shopify/ProductVariant/42000432365667 | gid://shopify/ProductVariant/42000432398435 | M36: exact
A37: wall-leaf-set-v1 | B37: Leaf Set V1 | C37: wall-art | D37: wall-art | E37: minimalistic | F37: /products/wall-art/leaf-set-v1.svg | G37: =TRUE() -> TRUE | H37: leaf-set-v1 | I37: gid://shopify/Product/7407312306275 | J37: ACTIVE | K37: 6999 | L37: gid://shopify/ProductVariant/41874380095587 | gid://shopify/ProductVariant/41972945911907 | M37: exact
A38: wall-leaf-set-v2 | B38: Leaf Set V2 | C38: wall-art | D38: wall-art | E38: minimalistic | F38: /products/wall-art/leaf-set-v2.svg | G38: =TRUE() -> TRUE | H38: leaf-set-v2 | I38: gid://shopify/Product/7407311978595 | J38: ACTIVE | K38: 7999 | L38: gid://shopify/ProductVariant/41874375901283 | M38: exact
A39: wall-love-heart | B39: Love Heart | C39: wall-art | D39: wall-art | E39: minimalistic | F39: /products/wall-art/love-heart.svg | G39: =FALSE() -> FALSE | M39: NO MATCH
A40: wall-marilyn-monroe | B40: Marilyn Monroe | C40: wall-art | D40: wall-art | E40: personalities | F40: /products/wall-art/marilyn-monroe.svg | G40: =TRUE() -> TRUE | H40: marilyn-monroe | I40: gid://shopify/Product/7407323545699 | J40: ACTIVE | K40: 2499 | L40: gid://shopify/ProductVariant/41874412568675 | gid://shopify/ProductVariant/41973088682083 | M40: exact
A41: wall-markhor-with-snake | B41: Markhor with Snake | C41: wall-art | D41: wall-art | F41: /products/wall-art/markhor-with-snake.svg | G41: =TRUE() -> TRUE | H41: markhor-with-snake | I41: gid://shopify/Product/7407287533667 | J41: ACTIVE | K41: 5000 | L41: gid://shopify/ProductVariant/41874263244899 | gid://shopify/ProductVariant/41973093761123 | M41: exact
A42: wall-monstera | B42: Monstera | C42: wall-art | D42: wall-art | F42: /products/wall-art/monstera.svg | G42: =TRUE() -> TRUE | H42: monstera | I42: gid://shopify/Product/7407323709539 | J42: ACTIVE | K42: 2499 | L42: gid://shopify/ProductVariant/41874413355107 | gid://shopify/ProductVariant/41973118468195 | M42: exact
A43: wall-mountain-tree | B43: Mountain Tree | C43: wall-art | D43: wall-art | F43: /products/wall-art/mountain-tree.svg | G43: =TRUE() -> TRUE | H43: mountain-tree | I43: gid://shopify/Product/7405792362595 | J43: ACTIVE | K43: 1999 | L43: gid://shopify/ProductVariant/41867220549731 | gid://shopify/ProductVariant/41973126168675 | gid://shopify/ProductVariant/41973126201443 | M43: exact
A44: wall-ninja | B44: Ninja | C44: wall-art | D44: wall-art | E44: anime-manga | F44: /products/wall-art/ninja.svg | G44: =TRUE() -> TRUE | H44: ninja | I44: gid://shopify/Product/7449088819299 | J44: ACTIVE | K44: 2499 | L44: gid://shopify/ProductVariant/42000561537123 | gid://shopify/ProductVariant/42000561569891 | M44: exact
A45: wall-owl | B45: Owl | C45: wall-art | D45: wall-art | E45: animals | F45: /products/wall-art/owl.svg | G45: =TRUE() -> TRUE | H45: owl | I45: gid://shopify/Product/7407310635107 | J45: ACTIVE | K45: 1999 | L45: gid://shopify/ProductVariant/41874371543139 | gid://shopify/ProductVariant/41973212282979 | gid://shopify/ProductVariant/41973212315747 | M45: exact
A46: wall-pulp-fiction-v-1 | B46: Pulp Fiction V.1 | C46: wall-art | D46: wall-art | E46: movies-pop | F46: /products/wall-art/pulp-fiction-v-1.svg | G46: =TRUE() -> TRUE | H46: pulp-fiction-v-1 | I46: gid://shopify/Product/7407310504035 | J46: ACTIVE | K46: 5999 | L46: gid://shopify/ProductVariant/41874368036963 | gid://shopify/ProductVariant/41973255897187 | gid://shopify/ProductVariant/41973255929955 | M46: exact
A47: wall-ronaldo | B47: Ronaldo | C47: wall-art | D47: wall-art | E47: personalities | F47: /products/wall-art/ronaldo.svg | G47: =TRUE() -> TRUE | H47: ronaldo | I47: gid://shopify/Product/7449101107299 | J47: ACTIVE | K47: 1799 | L47: gid://shopify/ProductVariant/42000583819363 | gid://shopify/ProductVariant/42000583852131 | gid://shopify/ProductVariant/42000583884899 | M47: exact
A48: wall-shark | B48: Shark | C48: wall-art | D48: wall-art | E48: animals | F48: /products/wall-art/shark.svg | G48: =TRUE() -> TRUE | H48: shark | I48: gid://shopify/Product/7405795934307 | J48: ACTIVE | K48: 1999 | L48: gid://shopify/ProductVariant/41867229167715 | gid://shopify/ProductVariant/41973281849443 | gid://shopify/ProductVariant/41973281882211 | M48: exact
A49: wall-spiderman | B49: Spiderman | C49: wall-art | D49: wall-art | E49: animals, comics-superheroes | F49: /products/wall-art/spiderman.svg | G49: =TRUE() -> TRUE | H49: spiderman | I49: gid://shopify/Product/7449103007843 | J49: ACTIVE | K49: 1999 | L49: gid://shopify/ProductVariant/42000589029475 | gid://shopify/ProductVariant/42000589062243 | gid://shopify/ProductVariant/43204323442787 | M49: exact
A50: wall-tiger | B50: Tiger | C50: wall-art | D50: wall-art | E50: animals | F50: /products/wall-art/tiger.svg | G50: =TRUE() -> TRUE | H50: tiger | I50: gid://shopify/Product/7407118745699 | J50: ACTIVE | K50: 2999 | L50: gid://shopify/ProductVariant/41873280729187 | gid://shopify/ProductVariant/41973194752099 | M50: exact
A51: wall-tree-of-life | B51: Tree of Life | C51: wall-art | D51: wall-art | F51: /products/wall-art/tree-of-life.svg | G51: =TRUE() -> TRUE | H51: tree-of-life | I51: gid://shopify/Product/7407309914211 | J51: ACTIVE | K51: 1999 | L51: gid://shopify/ProductVariant/41874365579363 | gid://shopify/ProductVariant/41973188198499 | gid://shopify/ProductVariant/41973188231267 | M51: exact
A52: wall-venom | B52: Venom | C52: wall-art | D52: wall-art | E52: anime-manga, comics-superheroes | F52: /products/wall-art/venom.svg | G52: =TRUE() -> TRUE | H52: venom | I52: gid://shopify/Product/7449030033507 | J52: ACTIVE | K52: 5000 | L52: gid://shopify/ProductVariant/42000465002595 | gid://shopify/ProductVariant/42000465035363 | M52: exact
A53: wall-world-map-route | B53: World Map Route | C53: wall-art | D53: wall-art | F53: /products/wall-art/world-map-route.svg | G53: =TRUE() -> TRUE | H53: world-map-route | I53: gid://shopify/Product/7407319875683 | J53: ACTIVE | K53: 5600 | L53: gid://shopify/ProductVariant/41973132197987 | M53: exact
A54: wall-light-house | B54: Light House | C54: wall-art | D54: wall-art | F54: /products/wall-art/light-house.svg | G54: =TRUE() -> TRUE | H54: light-house | I54: gid://shopify/Product/7407322759267 | J54: ACTIVE | K54: 1499 | L54: gid://shopify/ProductVariant/41874409652323 | gid://shopify/ProductVariant/41972960723043 | gid://shopify/ProductVariant/41972960657507 | M54: exact
A55: wall-abstract-faces | B55: Abstract faces | C55: wall-art | D55: wall-art | E55: minimalistic | F55: /products/wall-art/abstract-faces.svg | G55: =TRUE() -> TRUE | H55: abstract-faces | I55: gid://shopify/Product/7789935722595 | J55: ACTIVE | K55: 5000 | L55: gid://shopify/ProductVariant/43347107151971 | gid://shopify/ProductVariant/43347107184739 | M55: exact
A56: wall-abstract-faces-variant-2 | B56: Abstract faces Variant 2 | C56: wall-art | D56: wall-art | E56: minimalistic | F56: /products/wall-art/abstract-faces-variant-2.svg | G56: =TRUE() -> TRUE | H56: abstract-faces-variant-2 | I56: gid://shopify/Product/7789972258915 | J56: ACTIVE | K56: 5000 | L56: gid://shopify/ProductVariant/43347148079203 | gid://shopify/ProductVariant/43347148111971 | M56: exact
A57: wall-africans | B57: Africans | C57: wall-art | D57: wall-art | E57: cultural | F57: /products/wall-art/africans.svg | G57: =TRUE() -> TRUE | H57: africans | I57: gid://shopify/Product/7407050260579 | J57: ACTIVE | K57: 2999 | L57: gid://shopify/ProductVariant/41963285086307 | gid://shopify/ProductVariant/41963285119075 | M57: exact
A58: wall-amor | B58: Amor | C58: wall-art | D58: wall-art | F58: /products/wall-art/amor.svg | G58: =TRUE() -> TRUE | H58: amor | I58: gid://shopify/Product/7407315026019 | J58: ACTIVE | K58: 1999 | L58: gid://shopify/ProductVariant/43190319808611 | gid://shopify/ProductVariant/41963294326883 | gid://shopify/ProductVariant/41963294294115 | M58: exact
A59: wall-ananas | B59: Ananas | C59: wall-art | D59: wall-art | F59: /products/wall-art/ananas.svg | G59: =TRUE() -> TRUE | H59: ananas | I59: gid://shopify/Product/7407050588259 | J59: ACTIVE | K59: 1499 | L59: gid://shopify/ProductVariant/41972372996195 | gid://shopify/ProductVariant/41963296620643 | gid://shopify/ProductVariant/41963296587875 | M59: exact
A60: wall-angel | B60: angel | C60: wall-art | D60: wall-art | F60: /products/wall-art/angel.svg | G60: =TRUE() -> TRUE | H60: angel | I60: gid://shopify/Product/7407051079779 | J60: ACTIVE | K60: 3499 | L60: gid://shopify/ProductVariant/41963361992803 | M60: exact
A61: wall-arbor | B61: Arbor | C61: wall-art | D61: wall-art | F61: /products/wall-art/arbor.svg | G61: =TRUE() -> TRUE | H61: arbor | I61: gid://shopify/Product/7407314862179 | J61: ACTIVE | K61: 4499 | L61: gid://shopify/ProductVariant/41963462525027 | gid://shopify/ProductVariant/41963462557795 | M61: exact
A62: wall-aren-t-pandas | B62: Aren't pandas | C62: wall-art | D62: wall-art | E62: animals | F62: /products/wall-art/aren-t-pandas.svg | G62: =TRUE() -> TRUE | H62: arent-pandas | I62: gid://shopify/Product/7407051735139 | J62: ACTIVE | K62: 1999 | L62: gid://shopify/ProductVariant/41972400783459 | gid://shopify/ProductVariant/41963468849251 | gid://shopify/ProductVariant/41963468882019 | M62: exact
A63: wall-aries | B63: Aries | C63: wall-art | D63: wall-art | F63: /products/wall-art/aries.svg | G63: =TRUE() -> TRUE | H63: aries | I63: gid://shopify/Product/7405778927715 | J63: ACTIVE | K63: 1999 | L63: gid://shopify/ProductVariant/41972405305443 | gid://shopify/ProductVariant/41963471568995 | gid://shopify/ProductVariant/41963471601763 | M63: exact
A64: wall-aristoteles | B64: Aristoteles | C64: wall-art | D64: wall-art | E64: personalities | F64: /products/wall-art/aristoteles.svg | G64: =TRUE() -> TRUE | H64: aristoteles | I64: gid://shopify/Product/7407052292195 | J64: ACTIVE | K64: 2499 | L64: gid://shopify/ProductVariant/41963475959907 | gid://shopify/ProductVariant/41963475992675 | M64: exact
A65: wall-atlas | B65: Atlas | C65: wall-art | D65: wall-art | E65: cultural | F65: /products/wall-art/atlas.svg | G65: =TRUE() -> TRUE | H65: atlas | I65: gid://shopify/Product/7407316074595 | J65: ACTIVE | K65: 2499 | L65: gid://shopify/ProductVariant/41963520786531 | gid://shopify/ProductVariant/41963520819299 | M65: exact
A66: wall-audrey-hepburn | B66: Audrey Hepburn | C66: wall-art | D66: wall-art | E66: personalities | F66: /products/wall-art/audrey-hepburn.svg | G66: =TRUE() -> TRUE | H66: audrey-hepburn | I66: gid://shopify/Product/7407053209699 | J66: ACTIVE | K66: 2499 | L66: gid://shopify/ProductVariant/41963548016739 | gid://shopify/ProductVariant/41963548049507 | M66: exact
A67: wall-boat | B67: Boat | C67: wall-art | D67: wall-art | F67: /products/wall-art/boat.svg | G67: =TRUE() -> TRUE | H67: boat | I67: gid://shopify/Product/7407282225251 | J67: ACTIVE | K67: 1999 | L67: gid://shopify/ProductVariant/41965493485667 | gid://shopify/ProductVariant/41965493518435 | gid://shopify/ProductVariant/41965493551203 | M67: exact
A68: wall-butterfly-1 | B68: Butterfly-1 | C68: wall-art | D68: wall-art | E68: animals | F68: /products/wall-art/butterfly-1.svg | G68: =TRUE() -> TRUE | H68: butterfly-1 | I68: gid://shopify/Product/7407282946147 | J68: ACTIVE | K68: 4999 | L68: gid://shopify/ProductVariant/41966002208867 | gid://shopify/ProductVariant/41966002274403 | gid://shopify/ProductVariant/41966002241635 | M68: exact
A69: wall-butterfly-2 | B69: Butterfly-2 | C69: wall-art | D69: wall-art | E69: animals | F69: /products/wall-art/butterfly-2.svg | G69: =TRUE() -> TRUE | H69: butterfly-2 | I69: gid://shopify/Product/7407314829411 | J69: ACTIVE | K69: 1999 | L69: gid://shopify/ProductVariant/41966028062819 | gid://shopify/ProductVariant/41972492796003 | gid://shopify/ProductVariant/41966028095587 | M69: exact
A70: wall-casual-astro | B70: Casual Astro | C70: wall-art | D70: wall-art | F70: /products/wall-art/casual-astro.svg | G70: =TRUE() -> TRUE | H70: casual-astro | I70: gid://shopify/Product/7407318204515 | J70: ACTIVE | K70: 2499 | L70: gid://shopify/ProductVariant/41966038777955 | gid://shopify/ProductVariant/41966038810723 | M70: exact
A71: wall-cat-1 | B71: cat-1 | C71: wall-art | D71: wall-art | E71: animals | F71: /products/wall-art/cat-1.svg | G71: =TRUE() -> TRUE | H71: cat-1 | I71: gid://shopify/Product/7405780041827 | J71: ACTIVE | K71: 1999 | L71: gid://shopify/ProductVariant/41966097662051 | gid://shopify/ProductVariant/41972520124515 | M71: exact
A72: wall-cat-2 | B72: cat-2 | C72: wall-art | D72: wall-art | E72: animals | F72: /products/wall-art/cat-2.svg | G72: =TRUE() -> TRUE | H72: cat-2 | I72: gid://shopify/Product/7407055536227 | J72: ACTIVE | K72: 1999 | L72: gid://shopify/ProductVariant/41972507934819 | gid://shopify/ProductVariant/41966068334691 | gid://shopify/ProductVariant/41966068367459 | M72: exact
A73: wall-circle-of-life-12x12 | B73: Circle of Life 12x12 | C73: wall-art | D73: wall-art | E73: minimalistic | F73: /products/wall-art/circle-of-life-12x12.svg | G73: =TRUE() -> TRUE | H73: circle-of-life | I73: gid://shopify/Product/7405780402275 | J73: ACTIVE | K73: 1999 | L73: gid://shopify/ProductVariant/41966121255011 | gid://shopify/ProductVariant/41966121287779 | gid://shopify/ProductVariant/41966121320547 | M73: fuzzy
A74: wall-creation-of-adam-new | B74: Creation Of Adam new | C74: wall-art | D74: wall-art | E74: cultural | F74: /products/wall-art/creation-of-adam-new.svg | G74: =TRUE() -> TRUE | H74: creation-of-adam | I74: gid://shopify/Product/7407321743459 | J74: ACTIVE | K74: 1499 | L74: gid://shopify/ProductVariant/41972554006627 | gid://shopify/ProductVariant/43191658479715 | gid://shopify/ProductVariant/41966221885539 | M74: fuzzy
A75: wall-daupor | B75: Daupor | C75: wall-art | D75: wall-art | F75: /products/wall-art/daupor.svg | G75: =TRUE() -> TRUE | H75: daupor | I75: gid://shopify/Product/7405788266595 | J75: ACTIVE | K75: 1999 | L75: gid://shopify/ProductVariant/41966227095651 | gid://shopify/ProductVariant/41972556922979 | gid://shopify/ProductVariant/41966227128419 | M75: exact
A76: wall-decor-wall-frames | B76: Decor Wall Frames | C76: wall-art | D76: wall-art | E76: minimalistic | F76: /products/wall-art/decor-wall-frames.svg | G76: =TRUE() -> TRUE | H76: decor-wall-frames | I76: gid://shopify/Product/7407322267747 | J76: ACTIVE | K76: 2499 | L76: gid://shopify/ProductVariant/41966274216035 | gid://shopify/ProductVariant/41972573798499 | M76: exact
A77: wall-deer | B77: deer | C77: wall-art | D77: wall-art | E77: animals | F77: /products/wall-art/deer.svg | G77: =TRUE() -> TRUE | H77: deer | I77: gid://shopify/Product/7405789806691 | J77: ACTIVE | K77: 5000 | L77: gid://shopify/ProductVariant/41966288175203 | gid://shopify/ProductVariant/41966288207971 | M77: exact
A78: wall-deer-1 | B78: deer 1 | C78: wall-art | D78: wall-art | E78: animals | F78: /products/wall-art/deer-1.svg | G78: =TRUE() -> TRUE | H78: deer-1 | I78: gid://shopify/Product/7407071428707 | J78: ACTIVE | K78: 2499 | L78: gid://shopify/ProductVariant/41966304493667 | gid://shopify/ProductVariant/41966304526435 | M78: exact
A79: wall-deer-3 | B79: deer 3 | C79: wall-art | D79: wall-art | E79: animals | F79: /products/wall-art/deer-3.svg | G79: =TRUE() -> TRUE | H79: deer-3 | I79: gid://shopify/Product/7407283404899 | J79: ACTIVE | K79: 1999 | L79: gid://shopify/ProductVariant/41874254037091 | gid://shopify/ProductVariant/41970928812131 | gid://shopify/ProductVariant/41970928844899 | M79: exact
A80: wall-deer-in-forest | B80: deer in forest | C80: wall-art | D80: wall-art | E80: animals | F80: /products/wall-art/deer-in-forest.svg | G80: =TRUE() -> TRUE | H80: deer-in-forest | I80: gid://shopify/Product/7407076540515 | J80: ACTIVE | K80: 2499 | L80: gid://shopify/ProductVariant/41971255836771 | gid://shopify/ProductVariant/41872918282339 | M80: exact
A81: wall-deer-4 | B81: Deer-4 | C81: wall-art | D81: wall-art | E81: animals | F81: /products/wall-art/deer-4.svg | G81: =TRUE() -> TRUE | H81: deer-4 | I81: gid://shopify/Product/7407283798115 | J81: ACTIVE | K81: 5000 | L81: gid://shopify/ProductVariant/41985180532835 | gid://shopify/ProductVariant/41985180565603 | M81: exact
A82: wall-dekoratif-tablo | B82: Dekoratif Tablo | C82: wall-art | D82: wall-art | F82: /products/wall-art/dekoratif-tablo.svg | G82: =TRUE() -> TRUE | H82: dekoratifctablo | I82: gid://shopify/Product/7407077982307 | J82: ACTIVE | K82: 1999 | L82: gid://shopify/ProductVariant/41872930668643 | gid://shopify/ProductVariant/41971535183971 | gid://shopify/ProductVariant/41971535216739 | M82: alias
A83: wall-deter | B83: Deter | C83: wall-art | D83: wall-art | F83: /products/wall-art/deter.svg | G83: =TRUE() -> TRUE | H83: deter | I83: gid://shopify/Product/7407318335587 | J83: ACTIVE | K83: 5000 | L83: gid://shopify/ProductVariant/41971746046051 | M83: exact
A84: wall-dragon-ball-goku-1 | B84: Dragon Ball Goku 1 | C84: wall-art | D84: wall-art | E84: anime-manga | F84: /products/wall-art/dragon-ball-goku-1.svg | G84: =TRUE() -> TRUE | H84: dragon-ball-goku-1 | I84: gid://shopify/Product/7407314174051 | J84: ACTIVE | K84: 2999 | L84: gid://shopify/ProductVariant/41874388713571 | gid://shopify/ProductVariant/41972054622307 | M84: exact
A85: wall-eagle-1 | B85: Eagle 1 | C85: wall-art | D85: wall-art | E85: animals | F85: /products/wall-art/eagle-1.svg | G85: =TRUE() -> TRUE | H85: eagle-1 | I85: gid://shopify/Product/7407084896355 | J85: ACTIVE | K85: 2499 | L85: gid://shopify/ProductVariant/41872964157539 | gid://shopify/ProductVariant/41972644380771 | M85: exact
A86: wall-emotions-set | B86: Emotions Set | C86: wall-art | D86: wall-art | F86: /products/wall-art/emotions-set.svg | G86: =TRUE() -> TRUE | H86: emotions-set | I86: gid://shopify/Product/7789757595747 | J86: ACTIVE | K86: 3500 | L86: gid://shopify/ProductVariant/43346901205091 | gid://shopify/ProductVariant/43346901237859 | M86: exact
A87: wall-ethnic-ornaments | B87: ethnic ornaments | C87: wall-art | D87: wall-art | E87: cultural | F87: /products/wall-art/ethnic-ornaments.svg | G87: =TRUE() -> TRUE | H87: ethnic-ornaments | I87: gid://shopify/Product/7407107670115 | J87: ACTIVE | K87: 6999 | L87: gid://shopify/ProductVariant/41873179246691 | gid://shopify/ProductVariant/41972723056739 | M87: exact
A88: wall-existen | B88: Existen | C88: wall-art | D88: wall-art | F88: /products/wall-art/existen.svg | G88: =TRUE() -> TRUE | H88: existen | I88: gid://shopify/Product/7407322333283 | J88: ACTIVE | K88: 5600 | L88: gid://shopify/ProductVariant/41972746354787 | M88: exact
A89: wall-faglar | B89: Faglar | C89: wall-art | D89: wall-art | F89: /products/wall-art/faglar.svg | G89: =TRUE() -> TRUE | H89: faglar | I89: gid://shopify/Product/7407318466659 | J89: ACTIVE | K89: 5999 | L89: gid://shopify/ProductVariant/41874395201635 | gid://shopify/ProductVariant/41972792688739 | M89: exact
A90: wall-flamingo | B90: flamingo | C90: wall-art | D90: wall-art | F90: /products/wall-art/flamingo.svg | G90: =TRUE() -> TRUE | H90: flamingo | I90: gid://shopify/Product/7405790232675 | J90: ACTIVE | K90: 2499 | L90: gid://shopify/ProductVariant/41867211472995 | gid://shopify/ProductVariant/41972810088547 | M90: exact
A91: wall-forrest-wolf | B91: Forrest wolf | C91: wall-art | D91: wall-art | E91: animals | F91: /products/wall-art/forrest-wolf.svg | G91: =TRUE() -> TRUE | H91: forest-wolf | I91: gid://shopify/Product/7407108358243 | J91: ACTIVE | K91: 1999 | L91: gid://shopify/ProductVariant/41873185177699 | gid://shopify/ProductVariant/41972823621731 | gid://shopify/ProductVariant/41972823654499 | M91: alias
A92: wall-fox-1 | B92: fox-1 | C92: wall-art | D92: wall-art | E92: animals | F92: /products/wall-art/fox-1.svg | G92: =TRUE() -> TRUE | H92: fox-1 | I92: gid://shopify/Product/7407284125795 | J92: ACTIVE | K92: 5000 | L92: gid://shopify/ProductVariant/41874255609955 | gid://shopify/ProductVariant/41972833419363 | M92: exact
A93: wall-gandalf-staff | B93: Gandalf Staff | C93: wall-art | D93: wall-art | E93: movies-pop | F93: /products/wall-art/gandalf-staff.svg | G93: =TRUE() -> TRUE | H93: gandalf-staff | I93: gid://shopify/Product/7405790462051 | J93: ACTIVE | K93: 2999 | L93: gid://shopify/ProductVariant/41867212554339 | gid://shopify/ProductVariant/41972847050851 | M93: exact
A94: wall-geometric-set | B94: Geometric Set | C94: wall-art | D94: wall-art | E94: minimalistic | F94: /products/wall-art/geometric-set.svg | G94: =TRUE() -> TRUE | H94: geometric-set | I94: gid://shopify/Product/7789664272483 | J94: ACTIVE | K94: 3500 | L94: gid://shopify/ProductVariant/43346795135075 | gid://shopify/ProductVariant/43346795167843 | M94: exact
A95: wall-geometric-set-variant-2 | B95: Geometric Set Variant 2 | C95: wall-art | D95: wall-art | E95: minimalistic | F95: /products/wall-art/geometric-set-variant-2.svg | G95: =TRUE() -> TRUE | H95: geometric-set-variant-2 | I95: gid://shopify/Product/7789704380515 | J95: ACTIVE | K95: 3500 | L95: gid://shopify/ProductVariant/43346841567331 | gid://shopify/ProductVariant/43346841600099 | M95: exact
A96: wall-geometric-set-variant-3 | B96: Geometric Set Variant 3 | C96: wall-art | D96: wall-art | E96: minimalistic | F96: /products/wall-art/geometric-set-variant-3.svg | G96: =TRUE() -> TRUE | H96: geometric-set-variant-3 | I96: gid://shopify/Product/7789786464355 | J96: ACTIVE | K96: 3500 | L96: gid://shopify/ProductVariant/43346934300771 | gid://shopify/ProductVariant/43346934333539 | M96: exact
A97: wall-geometric-set-variant-4 | B97: Geometric Set Variant 4 | C97: wall-art | D97: wall-art | E97: minimalistic | F97: /products/wall-art/geometric-set-variant-4.svg | G97: =TRUE() -> TRUE | H97: geometric-set-variant-4 | I97: gid://shopify/Product/7789815005283 | J97: ACTIVE | K97: 3500 | L97: gid://shopify/ProductVariant/43346966315107 | gid://shopify/ProductVariant/43346966347875 | M97: exact
A98: wall-globe | B98: Globe | C98: wall-art | D98: wall-art | E98: minimalistic | F98: /products/wall-art/globe.svg | G98: =TRUE() -> TRUE | H98: globe | I98: gid://shopify/Product/7407112454243 | J98: ACTIVE | K98: 2999 | L98: gid://shopify/ProductVariant/41972861796451 | gid://shopify/ProductVariant/41972861829219 | M98: exact
A99: wall-heart | B99: Heart | C99: wall-art | D99: wall-art | E99: minimalistic | F99: /products/wall-art/heart.svg | G99: =TRUE() -> TRUE | H99: heart | I99: gid://shopify/Product/7407312404579 | J99: ACTIVE | K99: 2499 | L99: gid://shopify/ProductVariant/41874380292195 | gid://shopify/ProductVariant/41972883226723 | M99: exact
A100: wall-heartbeat-set | B100: Heartbeat Set | C100: wall-art | D100: wall-art | E100: minimalistic | F100: /products/wall-art/heartbeat-set.svg | G100: =TRUE() -> TRUE | H100: heartbeat-set | I100: gid://shopify/Product/7791564619875 | J100: ACTIVE | K100: 3999 | L100: gid://shopify/ProductVariant/43348985774179 | gid://shopify/ProductVariant/43348985806947 | gid://shopify/ProductVariant/43348985839715 | M100: exact
...

Sheet Shopify Collections
A1: Sort | B1: Collection Title | C1: Handle | D1: Collection GID | E1: Nav Category (3D site) | F1: Products | G1: Matched To Local | H1: Sample Products (first 8 handles)
A2: 1 | B2: 2D Wall-Art | C2: 2d-wallart | D2: gid://shopify/Collection/276274217059 | E2: wall-art | F2: 192 | G2: 141 | H2: ninja, mk4-toyota, ronaldo, kaico, nissan, m2-marla-singer, athena, dragon-ball-goku-1
A3: 2 | B3: Animals | C3: animal-2d-wall-art | D3: gid://shopify/Collection/276867317859 | E3: wall-art | F3: 54 | G3: 42 | H3: elegant-horse-head, welters-monkey, owl-1, wolf-2, cat-eyes, cat-greyscale, blue-fish, orange-fish
A4: 3 | B4: Anime/Manga | C4: anime-mangaall | D4: gid://shopify/Collection/276977385571 | E4: — | F4: 91 | G4: 12 | H4: ninja, kaico, dragon-ball-goku-1, realistic-demon-slayer-rengoku, naruto-in-the-dark, jiraiya-the-sage, jiraiya-and-pain, itachi-black-on-red
A5: 4 | B5: Comics and Superheroes | C5: comics-and-superheroes-2d | D5: gid://shopify/Collection/276977418339 | E5: wall-art | F5: 24 | G5: 12 | H5: venom, joker-dark-knight, black-panther-1, new-2, ironman, jocker, joker-black-and-white, joker-disobey
A6: 5 | B6: Maths and Nature | C6: maths-and-nature | D6: gid://shopify/Collection/276977582179 | E6: wall-art | F6: 27 | G6: 22 | H6: decor-wall-frames, lucid, mode, silva, circle-of-life, adera, four-quls-tree, cat-4
A7: 6 | B7: Minimalistic and Classical Art | C7: minimalistic | D7: gid://shopify/Collection/276977614947 | E7: wall-art | F7: 42 | G7: 20 | H7: athena, roman-colloseum-painting-set, africans, abstract-calligraphy, abstract, themis-v-1, creation-of-adam, lucid
A8: 7 | B8: Personalities | C8: personalities | D8: gid://shopify/Collection/276977778787 | E8: wall-art | F8: 20 | G8: 12 | H8: ronaldo, m2-marla-singer, ronaldo-cr7, bob-marley, ronaldo-1, messi, marilyn-monroe, tupac-2pac
A9: 8 | B9: Movies | C9: movies | D9: gid://shopify/Collection/276978991203 | E9: wall-art | F9: 37 | G9: 19 | H9: venom, joker-dark-knight, black-panther-1, new-2, ironman, marilyn-monroe, boba-fatt, jocker
A10: 9 | B10: Modern Art | C10: modern-culture | D10: gid://shopify/Collection/276979875939 | E10: wall-art | F10: 70 | G10: 40 | H10: athena, abstract-faces-variant-2, roman-colloseum-painting-set, world-map-route, africans, abstract-calligraphy, abstract, creation-of-adam
A11: 10 | B11: Digital Art | C11: poster-art | D11: gid://shopify/Collection/277622194275 | E11: digital-art | F11: 240 | G11: 19 | H11: electric-grace-neon-smoking-lady, rumi-whirling-dervishes-1, lady-stained-glass-style, paki-smoker-ladies-1, roman-colloseum-painting-set, rumi-whirling-dervishes, neon-noir-neon-smoking-lady, vector-diva-neon-smoking-lady
A12: 11 | B12: Best Sellers | C12: best-seller | D12: gid://shopify/Collection/286312890467 | E12: — | F12: 38 | G12: 11 | H12: rumi-whirling-dervishes-1, lady-stained-glass-style, abstract-faces-variant-2, roman-colloseum-painting-set, africans, deter, bear-copy, grey-wolf-copy
A13: 12 | B13: New Arrivals | C13: new-arrivals | D13: gid://shopify/Collection/286313185379 | E13: — | F13: 68 | G13: 15 | H13: lady-stained-glass-style, abstract-faces-variant-2, roman-colloseum-painting-set, ferrari-2, lighthouse-stained-glass-style, bear-copy, grey-wolf-copy, grey-wolf
... A37: 36 | B37: T-Shirts- Contrast Whisper | C37: contract-whisper | D37: gid://shopify/Collection/295597342819 | E37: apparel | F37: 20 | G37: 0 | H37: peace-doodle, foodie-bear-copy, foodie-bear, doodles-3, doodles-2, doodles-1, cat-doodle, astronaut-doodle-2
A38: 37 | B38: T-Shirts- Doodle Art | C38: t-shirts-doodle-art | D38: gid://shopify/Collection/295597604963 | E38: apparel | F38: 0 | G38: 0
A39: 38 | B39: T-Shirts- Pop Art | C39: t-shirts-pop-art | D39: gid://shopify/Collection/295597768803 | E39: apparel | F39: 10 | G39: 0 | H39: sakht-launda, pindi-boy-1, missile-pop-art, girl-pop-art, car-pop-art, pindi-boy-2, medusa, godfather-skeleton

Sheet Unmatched
A1: 3D-website products with NO live Shopify product (need creating in Shopify or intentional local-only)
A2: Local Product ID | B2: Name | C2: Kind | D2: Category | E2: Local Asset
A3: wall-love-heart | B3: Love Heart | C3: wall-art | D3: wall-art | E3: /products/wall-art/love-heart.svg
A4: wall-lady-diana | B4: Lady Diana | C4: wall-art | D4: wall-art | E4: /products/wall-art/lady-diana.svg
A5: wall-love-heart-tree | B5: Love heart Tree | C5: wall-art | D5: wall-art | E5: /products/wall-art/love-heart-tree.svg
A6: wall-love-tree | B6: Love tree | C6: wall-art | D6: wall-art | E6: /products/wall-art/love-tree.svg
A7: digital-madara-sharingan | B7: Madara Sharingan | C7: digital | D7: digital-art | E7: /products/digital/final/madara-sharingan.jpg
A8: digital-roman-colosseum-i | B8: Roman Colosseum I | C8: digital | D8: digital-art | E8: /products/digital/final/roman-colosseum-i.jpg
A9: digital-roman-colosseum-ii | B9: Roman Colosseum II | C9: digital | D9: digital-art | E9: /products/digital/final/roman-colosseum-ii.jpg
A10: digital-roman-colosseum-iii | B10: Roman Colosseum III | C10: digital | D10: digital-art | E10: /products/digital/final/roman-colosseum-iii.jpg
A11: digital-neon-smoking-lady | B11: Neon Smoking Lady | C11: digital | D11: digital-art | E11: /products/digital/final/neon-smoking-lady.jpg
A12: digital-smoking-lady-neon | B12: Smoking Lady Neon | C12: digital | D12: digital-art | E12: /products/digital/final/smoking-lady-neon.jpg
A13: digital-smoking-lady-variant | B13: Smoking Lady Variant | C13: digital | D13: digital-art | E13: /products/digital/final/smoking-lady-variant.jpg
A14: layered-motorcycle | B14: Motorcycle Wall Panel | C14: layered | D14: layered-art
A15: object-panther | B15: Panther | C15: object | D15: 3d-objects | E15: /products/3d/panther.stl
A16: object-fidget-central-gear | B16: Fidget Central Gear | C16: object | D16: 3d-objects | E16: /products/3d/fidget-central-gear.stl
A17: object-batarang-6mm | B17: Batarang 6mm | C17: object | D17: 3d-objects | E17: /products/3d/batarang-6mm.stl
A18: object-batman-bookmark | B18: Batman Bookmark | C18: object | D18: 3d-objects | E18: /products/3d/batman-bookmark.stl
A19: object-picture-frame-corner-2mm | B19: Picture Frame Corner 2mm | C19: object | D19: 3d-objects | E19: /products/3d/picture-frame-corner-2mm.stl
A20: object-picture-frame-corner-3mm | B20: Picture Frame Corner 3mm | C20: object | D20: 3d-objects | E20: /products/3d/picture-frame-corner-3mm.stl
A21: object-mini-joker | B21: Mini Joker 80mm | C21: object | D21: 3d-objects | E21: /products/3d/mini-joker.stl
A22: object-mini-superman | B22: Mini Superman 80mm | C22: object | D22: 3d-objects | E22: /products/3d/mini-superman.stl
A23: object-flexi-cat | B23: Flexi Cat | C23: object | D23: 3d-objects | E23: /products/3d/flexi-cat.stl
A24: object-lamp-base | B24: Lamp Base | C24: object | D24: 3d-objects | E24: /products/3d/lamp-base.stl
A25: object-batman-figure-130mm | B25: Batman Figure 130mm | C25: object | D25: 3d-objects | E25: /products/3d/batman-figure-130mm.stl
A26: object-batman-stand-150mm | B26: Batman Stand 150mm | C26: object | D26: 3d-objects | E26: /products/3d/batman-stand-150mm.stl
A27: object-mini-batman-90mm | B27: Mini Batman 90mm | C27: object | D27: 3d-objects | E27: /products/3d/mini-batman-90mm.stl
A30: Live Shopify products NOT in the 3D website: 340 (full list on 'Shopify Live Products' sheet, filter 'In 3D Website' = FALSE — mostly Apparel/T-Shirts, Islamic Art frames, and set paintings)
